LGA_Code,LGA_Name,Year,Estimated_resident_population_(no.),Persons_Aged_0-14,Percent_Aged_0-14,Persons_Aged_15-24,Percent_Aged_15-24,Persons_Aged_25-34,Percent_Aged_25-34,Persons_Aged_35-44,Percent_Aged_35-44,Persons_Aged_45-54,Percent_Aged_45-54,Persons_Aged_55-64,Percent_Aged_55-64,Persons_Aged_65+,Percent_Aged_65+
50080,Albany,2020,39629,7202,18.2,4296,10.8,4347,11,4387,11.1,5143,13,5485,13.8,8769,22.1
50080,Albany,2021,40105,7156,17.8,4313,10.8,4380,10.9,4410,11,5140,12.8,5579,13.9,9127,22.8
50080,Albany,2022,40434,7108,17.6,4420,10.9,4332,10.7,4486,11.1,5129,12.7,5555,13.7,9404,23.3
50080,Albany,2023,40949,7032,17.2,4581,11.2,4391,10.7,4651,11.4,5050,12.3,5588,13.6,9656,23.6
50210,Armadale,2020,94970,22524,23.7,11055,11.6,15026,15.8,15106,15.9,10966,11.5,9390,9.9,10903,11.5
50210,Armadale,2021,97644,23148,23.7,11214,11.5,14912,15.3,16037,16.4,11370,11.6,9623,9.9,11340,11.6
50210,Armadale,2022,100849,23833,23.6,11631,11.5,15006,14.9,16965,16.8,11797,11.7,9785,9.7,11832,11.7
50210,Armadale,2023,105094,24423,23.2,12353,11.8,15606,14.8,18041,17.2,12247,11.7,9929,9.4,12495,11.9
50250,Ashburton,2020,8927,1824,20.4,755,8.5,2018,22.6,1864,20.9,1309,14.7,879,9.8,278,3.1
50250,Ashburton,2021,7781,1829,23.5,689,8.9,1618,20.8,1568,20.2,1065,13.7,771,9.9,241,3.1
50250,Ashburton,2022,7843,1878,23.9,608,7.8,1609,20.5,1616,20.6,1092,13.9,776,9.9,264,3.4
50250,Ashburton,2023,8076,1957,24.2,619,7.7,1610,19.9,1700,21.1,1102,13.6,804,10,284,3.5
50280,Augusta Margaret River,2020,16792,3526,21,1323,7.9,1859,11.1,2672,15.9,2445,14.6,2220,13.2,2747,16.4
50280,Augusta Margaret River,2021,17303,3579,20.7,1336,7.7,1830,10.6,2769,16,2571,14.9,2269,13.1,2949,17
50280,Augusta Margaret River,2022,17917,3640,20.3,1393,7.8,1902,10.6,2814,15.7,2641,14.7,2372,13.2,3155,17.6
50280,Augusta Margaret River,2023,18620,3718,20,1491,8,1982,10.6,2910,15.6,2748,14.8,2401,12.9,3370,18.1
50350,Bassendean,2020,16326,2914,17.8,1705,10.4,2388,14.6,2393,14.7,2190,13.4,2015,12.3,2721,16.7
50350,Bassendean,2021,16500,2927,17.7,1667,10.1,2355,14.3,2477,15,2226,13.5,2042,12.4,2806,17
50350,Bassendean,2022,16612,2917,17.6,1635,9.8,2336,14.1,2583,15.5,2180,13.1,2052,12.4,2909,17.5
50350,Bassendean,2023,16914,2902,17.2,1657,9.8,2421,14.3,2675,15.8,2187,12.9,2080,12.3,2992,17.7
50420,Bayswater,2020,71277,11439,16,7844,11,12356,17.3,10679,15,8942,12.5,8025,11.3,11992,16.8
50420,Bayswater,2021,71774,11495,16,7687,10.7,12259,17.1,11031,15.4,9013,12.6,8037,11.2,12252,17.1
50420,Bayswater,2022,72242,11466,15.9,7816,10.8,12232,16.9,11299,15.6,8973,12.4,8034,11.1,12422,17.2
50420,Bayswater,2023,74283,11563,15.6,8251,11.1,13006,17.5,11860,16,8973,12.1,8086,10.9,12544,16.9
50490,Belmont,2020,43614,7034,16.1,5302,12.2,8968,20.6,6593,15.1,5135,11.8,4596,10.5,5986,13.7
50490,Belmont,2021,43868,7051,16.1,5155,11.8,8960,20.4,6819,15.5,5160,11.8,4638,10.6,6085,13.9
50490,Belmont,2022,44364,7070,15.9,5098,11.5,9030,20.4,7045,15.9,5242,11.8,4623,10.4,6256,14.1
50490,Belmont,2023,45976,7170,15.6,5391,11.7,9543,20.8,7445,16.2,5356,11.6,4630,10.1,6441,14
50560,Beverley,2020,1738,239,13.8,116,6.7,129,7.4,170,9.8,236,13.6,318,18.3,530,30.5
50560,Beverley,2021,1735,214,12.3,124,7.1,125,7.2,167,9.6,233,13.4,305,17.6,567,32.7
50560,Beverley,2022,1738,222,12.8,117,6.7,139,8,161,9.3,235,13.5,285,16.4,579,33.3
50560,Beverley,2023,1768,232,13.1,124,7,135,7.6,166,9.4,225,12.7,289,16.3,597,33.8
50630,Boddington,2020,1751,386,22,132,7.5,194,11.1,212,12.1,263,15,283,16.2,281,16
50630,Boddington,2021,1760,403,22.9,125,7.1,197,11.2,199,11.3,250,14.2,287,16.3,299,17
50630,Boddington,2022,1758,393,22.4,147,8.4,198,11.3,204,11.6,240,13.7,262,14.9,314,17.9
50630,Boddington,2023,1786,399,22.3,156,8.7,189,10.6,213,11.9,234,13.1,270,15.1,325,18.2
50770,Boyup Brook,2020,1833,383,20.9,144,7.9,146,8,230,12.5,239,13,276,15.1,415,22.6
50770,Boyup Brook,2021,1874,378,20.2,157,8.4,140,7.5,239,12.8,246,13.1,299,16,415,22.1
50770,Boyup Brook,2022,1938,381,19.7,167,8.6,147,7.6,236,12.2,262,13.5,295,15.2,450,23.2
50770,Boyup Brook,2023,1948,375,19.3,170,8.7,159,8.2,229,11.8,249,12.8,298,15.3,468,24
50840,Bridgetown-Greenbushes,2020,5188,888,17.1,418,8.1,364,7,540,10.4,713,13.7,899,17.3,1366,26.3
50840,Bridgetown-Greenbushes,2021,5376,912,17,427,7.9,396,7.4,551,10.2,718,13.4,916,17,1456,27.1
50840,Bridgetown-Greenbushes,2022,5527,925,16.7,468,8.5,366,6.6,563,10.2,744,13.5,961,17.4,1500,27.1
50840,Bridgetown-Greenbushes,2023,5669,911,16.1,490,8.6,410,7.2,581,10.2,734,12.9,976,17.2,1567,27.6
50910,Brookton,2020,970,180,18.6,78,8,75,7.7,98,10.1,149,15.4,126,13,264,27.2
50910,Brookton,2021,961,170,17.7,72,7.5,71,7.4,97,10.1,145,15.1,145,15.1,261,27.2
50910,Brookton,2022,954,158,16.6,67,7,86,9,98,10.3,146,15.3,143,15,256,26.8
50910,Brookton,2023,955,158,16.5,73,7.6,83,8.7,100,10.5,142,14.9,147,15.4,252,26.4
50980,Broome,2020,17976,4328,24.1,2064,11.5,3169,17.6,2767,15.4,2446,13.6,1958,10.9,1244,6.9
50980,Broome,2021,18204,4396,24.1,2051,11.3,3129,17.2,2892,15.9,2477,13.6,1943,10.7,1316,7.2
50980,Broome,2022,18368,4291,23.4,2129,11.6,3131,17,2945,16,2459,13.4,1979,10.8,1434,7.8
50980,Broome,2023,18611,4223,22.7,2177,11.7,3257,17.5,3058,16.4,2419,13,2004,10.8,1473,7.9
51080,Broomehill-Tambellup,2020,1098,261,23.8,87,7.9,138,12.6,134,12.2,147,13.4,167,15.2,164,14.9
51080,Broomehill-Tambellup,2021,1089,238,21.9,98,9,126,11.6,130,11.9,138,12.7,187,17.2,172,15.8
51080,Broomehill-Tambellup,2022,1087,243,22.4,86,7.9,132,12.1,122,11.2,143,13.2,185,17,176,16.2
51080,Broomehill-Tambellup,2023,1095,230,21,98,8.9,122,11.1,127,11.6,141,12.9,196,17.9,181,16.5
51120,Bruce Rock,2020,1000,184,18.4,86,8.6,91,9.1,115,11.5,119,11.9,147,14.7,258,25.8
51120,Bruce Rock,2021,1016,191,18.8,91,9,88,8.7,112,11,125,12.3,150,14.8,259,25.5
51120,Bruce Rock,2022,1020,185,18.1,98,9.6,94,9.2,112,11,125,12.3,143,14,263,25.8
51120,Bruce Rock,2023,1043,184,17.6,109,10.5,103,9.9,121,11.6,129,12.4,128,12.3,269,25.8
51190,Bunbury,2020,33769,5779,17.1,3709,11,4457,13.2,4147,12.3,4385,13,4582,13.6,6710,19.9
51190,Bunbury,2021,34137,5741,16.8,3715,10.9,4461,13.1,4213,12.3,4449,13,4567,13.4,6991,20.5
51190,Bunbury,2022,34417,5756,16.7,3739,10.9,4477,13,4294,12.5,4414,12.8,4575,13.3,7162,20.8
51190,Bunbury,2023,34768,5726,16.5,3784,10.9,4502,12.9,4366,12.6,4468,12.9,4555,13.1,7367,21.2
51260,Busselton,2020,41059,7962,19.4,3814,9.3,4048,9.9,5273,12.8,5532,13.5,5374,13.1,9056,22.1
51260,Busselton,2021,42009,8014,19.1,3800,9,4042,9.6,5371,12.8,5668,13.5,5507,13.1,9607,22.9
51260,Busselton,2022,42931,8059,18.8,4011,9.3,3999,9.3,5549,12.9,5742,13.4,5541,12.9,10030,23.4
51260,Busselton,2023,43969,8033,18.3,4295,9.8,4023,9.1,5685,12.9,5870,13.4,5569,12.7,10494,23.9
51310,Cambridge,2020,29743,5969,20.1,3580,12,3118,10.5,3914,13.2,4431,14.9,3647,12.3,5084,17.1
51310,Cambridge,2021,29822,5886,19.7,3582,12,3028,10.2,3889,13,4495,15.1,3678,12.3,5264,17.7
51310,Cambridge,2022,30160,5794,19.2,3799,12.6,3010,10,3927,13,4588,15.2,3614,12,5428,18
51310,Cambridge,2023,31133,5777,18.6,4099,13.2,3398,10.9,4049,13,4614,14.8,3626,11.6,5570,17.9
51330,Canning,2020,98643,18028,18.3,14620,14.8,15809,16,14056,14.2,11958,12.1,10341,10.5,13831,14
51330,Canning,2021,99306,18245,18.4,14315,14.4,15597,15.7,14490,14.6,12096,12.2,10378,10.5,14185,14.3
51330,Canning,2022,99764,18302,18.3,14395,14.4,15656,15.7,14570,14.6,12184,12.2,10188,10.2,14469,14.5
51330,Canning,2023,103691,18369,17.7,15551,15,17077,16.5,15244,14.7,12487,12,10101,9.7,14862,14.3
51400,Capel,2020,18492,4232,22.9,2360,12.8,1988,10.8,2465,13.3,2795,15.1,2317,12.5,2335,12.6
51400,Capel,2021,18776,4236,22.6,2382,12.7,1953,10.4,2517,13.4,2799,14.9,2377,12.7,2512,13.4
51400,Capel,2022,19012,4151,21.8,2493,13.1,1935,10.2,2512,13.2,2808,14.8,2412,12.7,2701,14.2
51400,Capel,2023,19335,4103,21.2,2563,13.3,1961,10.1,2555,13.2,2840,14.7,2434,12.6,2879,14.9
51470,Carnamah,2020,555,83,15,41,7.4,53,9.5,80,14.4,76,13.7,95,17.1,127,22.9
51470,Carnamah,2021,573,78,13.6,45,7.9,56,9.8,87,15.2,77,13.4,83,14.5,147,25.7
51470,Carnamah,2022,572,70,12.2,46,8,52,9.1,91,15.9,79,13.8,77,13.5,157,27.4
51470,Carnamah,2023,579,75,13,48,8.3,41,7.1,92,15.9,80,13.8,85,14.7,158,27.3
51540,Carnarvon,2020,5491,1059,19.3,617,11.2,751,13.7,664,12.1,817,14.9,779,14.2,804,14.6
51540,Carnarvon,2021,5520,1060,19.2,611,11.1,740,13.4,653,11.8,818,14.8,780,14.1,858,15.5
51540,Carnarvon,2022,5522,1057,19.1,609,11,713,12.9,675,12.2,770,13.9,779,14.1,919,16.6
51540,Carnarvon,2023,5528,1060,19.2,606,11,753,13.6,671,12.1,716,13,775,14,947,17.1
51610,Chapman Valley,2020,1568,334,21.3,136,8.7,137,8.7,188,12,273,17.4,246,15.7,254,16.2
51610,Chapman Valley,2021,1613,341,21.1,146,9.1,132,8.2,192,11.9,284,17.6,257,15.9,261,16.2
51610,Chapman Valley,2022,1636,331,20.2,151,9.2,141,8.6,201,12.3,275,16.8,250,15.3,287,17.5
51610,Chapman Valley,2023,1663,319,19.2,157,9.4,155,9.3,206,12.4,273,16.4,250,15,303,18.2
51680,Chittering,2020,5952,1175,19.7,668,11.2,534,9,669,11.2,1000,16.8,933,15.7,973,16.3
51680,Chittering,2021,6099,1184,19.4,680,11.1,539,8.8,699,11.5,979,16.1,1002,16.4,1016,16.7
51680,Chittering,2022,6298,1212,19.2,724,11.5,515,8.2,753,12,997,15.8,1028,16.3,1069,17
51680,Chittering,2023,6516,1232,18.9,761,11.7,549,8.4,801,12.3,965,14.8,1086,16.7,1122,17.2
51710,Christmas Island,2020,1758,288,16.4,152,8.6,348,19.8,264,15,268,15.2,227,12.9,211,12
51710,Christmas Island,2021,1717,285,16.6,143,8.3,341,19.9,267,15.6,261,15.2,211,12.3,209,12.2
51710,Christmas Island,2022,1786,286,16,160,9,338,18.9,297,16.6,255,14.3,223,12.5,227,12.7
51710,Christmas Island,2023,1823,279,15.3,166,9.1,320,17.6,332,18.2,256,14,225,12.3,245,13.4
51750,Claremont,2020,11501,1847,16.1,1641,14.3,1304,11.3,1191,10.4,1539,13.4,1302,11.3,2677,23.3
51750,Claremont,2021,11643,1872,16.1,1639,14.1,1289,11.1,1220,10.5,1526,13.1,1322,11.4,2775,23.8
51750,Claremont,2022,11735,1814,15.5,1704,14.5,1290,11,1241,10.6,1515,12.9,1339,11.4,2832,24.1
51750,Claremont,2023,12178,1821,15,1847,15.2,1462,12,1306,10.7,1492,12.3,1345,11,2905,23.9
51820,Cockburn,2020,119032,23344,19.6,14599,12.3,18726,15.7,18379,15.4,15888,13.3,12908,10.8,15188,12.8
51820,Cockburn,2021,122212,24013,19.6,14566,11.9,18863,15.4,19199,15.7,16278,13.3,13252,10.8,16041,13.1
51820,Cockburn,2022,125232,24199,19.3,14898,11.9,19242,15.4,19953,15.9,16576,13.2,13581,10.8,16783,13.4
51820,Cockburn,2023,130282,24689,19,15636,12,20445,15.7,21033,16.1,16905,13,13991,10.7,17583,13.5
51860,Cocos Islands,2020,608,130,21.4,53,8.7,57,9.4,87,14.3,73,12,107,17.6,101,16.6
51860,Cocos Islands,2021,603,134,22.2,43,7.1,63,10.4,87,14.4,63,10.4,118,19.6,95,15.8
51860,Cocos Islands,2022,616,137,22.2,31,5,74,12,94,15.3,53,8.6,122,19.8,105,17
51860,Cocos Islands,2023,631,139,22,31,4.9,80,12.7,89,14.1,59,9.4,112,17.7,121,19.2
51890,Collie,2020,8956,1667,18.6,1015,11.3,975,10.9,993,11.1,1157,12.9,1318,14.7,1831,20.4
51890,Collie,2021,9086,1648,18.1,1002,11,966,10.6,1011,11.1,1157,12.7,1326,14.6,1976,21.7
51890,Collie,2022,9153,1646,18,993,10.8,923,10.1,1017,11.1,1134,12.4,1377,15,2063,22.5
51890,Collie,2023,9295,1635,17.6,1063,11.4,920,9.9,1007,10.8,1142,12.3,1393,15,2135,23
51960,Coolgardie,2020,3546,740,20.9,422,11.9,499,14.1,465,13.1,538,15.2,520,14.7,362,10.2
51960,Coolgardie,2021,3638,735,20.2,443,12.2,483,13.3,482,13.2,558,15.3,531,14.6,406,11.2
51960,Coolgardie,2022,3638,727,20,442,12.1,464,12.8,488,13.4,536,14.7,545,15,436,12
51960,Coolgardie,2023,3686,702,19,432,11.7,490,13.3,501,13.6,539,14.6,555,15.1,467,12.7
52030,Coorow,2020,1076,150,13.9,64,5.9,110,10.2,96,8.9,125,11.6,207,19.2,324,30.1
52030,Coorow,2021,1091,150,13.7,58,5.3,105,9.6,103,9.4,118,10.8,218,20,339,31.1
52030,Coorow,2022,1092,159,14.6,60,5.5,94,8.6,111,10.2,127,11.6,210,19.2,331,30.3
52030,Coorow,2023,1107,170,15.4,55,5,91,8.2,109,9.8,126,11.4,207,18.7,349,31.5
52100,Corrigin,2020,1044,200,19.2,81,7.8,107,10.2,113,10.8,123,11.8,162,15.5,258,24.7
52100,Corrigin,2021,1028,181,17.6,83,8.1,101,9.8,125,12.2,120,11.7,143,13.9,275,26.8
52100,Corrigin,2022,1023,187,18.3,78,7.6,115,11.2,124,12.1,111,10.9,135,13.2,273,26.7
52100,Corrigin,2023,1029,182,17.7,92,8.9,123,12,113,11,106,10.3,132,12.8,281,27.3
52170,Cottesloe,2020,8345,1361,16.3,1055,12.6,1007,12.1,884,10.6,1158,13.9,1156,13.9,1724,20.7
52170,Cottesloe,2021,8245,1310,15.9,1053,12.8,957,11.6,869,10.5,1124,13.6,1139,13.8,1793,21.7
52170,Cottesloe,2022,8322,1295,15.6,1108,13.3,913,11,872,10.5,1102,13.2,1156,13.9,1876,22.5
52170,Cottesloe,2023,8695,1332,15.3,1190,13.7,1035,11.9,953,11,1090,12.5,1165,13.4,1930,22.2
52240,Cranbrook,2020,1122,216,19.3,89,7.9,91,8.1,141,12.6,156,13.9,188,16.8,241,21.5
52240,Cranbrook,2021,1134,228,20.1,90,7.9,86,7.6,146,12.9,164,14.5,181,16,239,21.1
52240,Cranbrook,2022,1141,234,20.5,95,8.3,91,8,139,12.2,161,14.1,158,13.8,263,23
52240,Cranbrook,2023,1149,224,19.5,100,8.7,102,8.9,139,12.1,154,13.4,147,12.8,283,24.6
52310,Cuballing,2020,906,134,14.8,70,7.7,88,9.7,90,9.9,130,14.3,171,18.9,223,24.6
52310,Cuballing,2021,927,135,14.6,78,8.4,84,9.1,90,9.7,146,15.7,161,17.4,233,25.1
52310,Cuballing,2022,929,133,14.3,82,8.8,79,8.5,97,10.4,141,15.2,152,16.4,245,26.4
52310,Cuballing,2023,951,141,14.8,78,8.2,92,9.7,88,9.3,144,15.1,160,16.8,248,26.1
52380,Cue,2020,207,10,4.8,14,6.8,33,15.9,18,8.7,30,14.5,35,16.9,67,32.4
52380,Cue,2021,228,9,3.9,19,8.3,42,18.4,15,6.6,36,15.8,36,15.8,71,31.1
52380,Cue,2022,230,15,6.5,17,7.4,40,17.4,16,7,32,13.9,36,15.7,74,32.2
52380,Cue,2023,231,16,6.9,18,7.8,33,14.3,23,10,33,14.3,30,13,78,33.8
52450,Cunderdin,2020,1358,267,19.7,215,15.8,156,11.5,158,11.6,143,10.5,193,14.2,226,16.6
52450,Cunderdin,2021,1341,281,21,203,15.1,155,11.6,159,11.9,140,10.4,169,12.6,234,17.4
52450,Cunderdin,2022,1345,286,21.3,206,15.3,142,10.6,169,12.6,137,10.2,158,11.7,247,18.4
52450,Cunderdin,2023,1322,272,20.6,202,15.3,150,11.3,169,12.8,125,9.5,157,11.9,247,18.7
52520,Dalwallinu,2020,1426,301,21.1,130,9.1,191,13.4,205,14.4,170,11.9,224,15.7,205,14.4
52520,Dalwallinu,2021,1436,304,21.2,122,8.5,187,13,214,14.9,163,11.4,217,15.1,229,15.9
52520,Dalwallinu,2022,1429,306,21.4,109,7.6,195,13.6,220,15.4,157,11,208,14.6,234,16.4
52520,Dalwallinu,2023,1446,328,22.7,110,7.6,185,12.8,221,15.3,161,11.1,195,13.5,246,17
52590,Dandaragan,2020,3395,514,15.1,240,7.1,392,11.5,358,10.5,448,13.2,578,17,865,25.5
52590,Dandaragan,2021,3473,516,14.9,235,6.8,382,11,387,11.1,431,12.4,611,17.6,911,26.2
52590,Dandaragan,2022,3577,544,15.2,231,6.5,390,10.9,379,10.6,437,12.2,624,17.4,972,27.2
52590,Dandaragan,2023,3748,565,15.1,264,7,434,11.6,394,10.5,449,12,616,16.4,1026,27.4
52660,Dardanup,2020,14931,3143,21.1,1593,10.7,1962,13.1,1918,12.8,1916,12.8,1831,12.3,2568,17.2
52660,Dardanup,2021,15197,3144,20.7,1587,10.4,1933,12.7,2010,13.2,1913,12.6,1863,12.3,2747,18.1
52660,Dardanup,2022,15376,3170,20.6,1616,10.5,1914,12.4,2055,13.4,1913,12.4,1865,12.1,2843,18.5
52660,Dardanup,2023,15685,3156,20.1,1735,11.1,1940,12.4,2146,13.7,1912,12.2,1869,11.9,2927,18.7
52730,Denmark,2020,6398,1125,17.6,543,8.5,415,6.5,705,11,851,13.3,1076,16.8,1683,26.3
52730,Denmark,2021,6468,1145,17.7,535,8.3,405,6.3,711,11,856,13.2,1074,16.6,1742,26.9
52730,Denmark,2022,6539,1152,17.6,548,8.4,384,5.9,750,11.5,875,13.4,1056,16.1,1774,27.1
52730,Denmark,2023,6618,1134,17.1,558,8.4,389,5.9,764,11.5,875,13.2,1054,15.9,1844,27.9
52800,Derby-West Kimberley,2020,8362,2037,24.4,1250,14.9,1517,18.1,1116,13.3,986,11.8,866,10.4,590,7.1
52800,Derby-West Kimberley,2021,8414,1990,23.7,1258,15,1532,18.2,1131,13.4,987,11.7,892,10.6,624,7.4
52800,Derby-West Kimberley,2022,8410,1933,23,1248,14.8,1547,18.4,1156,13.7,970,11.5,898,10.7,658,7.8
52800,Derby-West Kimberley,2023,8433,1895,22.5,1235,14.6,1573,18.7,1207,14.3,948,11.2,881,10.4,694,8.2
52870,Donnybrook-Balingup,2020,6205,1075,17.3,536,8.6,547,8.8,674,10.9,875,14.1,1046,16.9,1452,23.4
52870,Donnybrook-Balingup,2021,6312,1072,17,557,8.8,515,8.2,707,11.2,879,13.9,1036,16.4,1546,24.5
52870,Donnybrook-Balingup,2022,6401,1089,17,554,8.7,551,8.6,696,10.9,857,13.4,1046,16.3,1608,25.1
52870,Donnybrook-Balingup,2023,6438,1109,17.2,548,8.5,569,8.8,707,11,825,12.8,1030,16,1650,25.6
52940,Dowerin,2020,726,158,21.8,51,7,65,9,91,12.5,105,14.5,86,11.8,170,23.4
52940,Dowerin,2021,733,159,21.7,54,7.4,66,9,92,12.6,97,13.2,90,12.3,175,23.9
52940,Dowerin,2022,733,155,21.1,58,7.9,68,9.3,83,11.3,113,15.4,82,11.2,174,23.7
52940,Dowerin,2023,738,147,19.9,66,8.9,76,10.3,79,10.7,105,14.2,82,11.1,183,24.8
53010,Dumbleyung,2020,699,141,20.2,48,6.9,94,13.4,92,13.2,90,12.9,98,14,136,19.5
53010,Dumbleyung,2021,698,146,20.9,49,7,77,11,100,14.3,88,12.6,102,14.6,136,19.5
53010,Dumbleyung,2022,693,150,21.6,46,6.6,67,9.7,106,15.3,91,13.1,91,13.1,142,20.5
53010,Dumbleyung,2023,701,140,20,49,7,76,10.8,110,15.7,89,12.7,98,14,139,19.8
53080,Dundas,2020,698,89,12.8,66,9.5,98,14,74,10.6,110,15.8,130,18.6,131,18.8
53080,Dundas,2021,699,82,11.7,64,9.2,100,14.3,69,9.9,111,15.9,134,19.2,139,19.9
53080,Dundas,2022,695,75,10.8,55,7.9,106,15.3,69,9.9,102,14.7,130,18.7,158,22.7
53080,Dundas,2023,701,84,12,63,9,96,13.7,74,10.6,90,12.8,129,18.4,165,23.5
53150,East Fremantle,2020,8035,1484,18.5,891,11.1,770,9.6,971,12.1,1270,15.8,1107,13.8,1542,19.2
53150,East Fremantle,2021,8064,1456,18.1,933,11.6,760,9.4,960,11.9,1239,15.4,1106,13.7,1610,20
53150,East Fremantle,2022,8071,1406,17.4,988,12.2,758,9.4,971,12,1246,15.4,1081,13.4,1621,20.1
53150,East Fremantle,2023,8222,1376,16.7,1052,12.8,794,9.7,1022,12.4,1237,15,1105,13.4,1636,19.9
53220,East Pilbara,2020,10533,1682,16,1156,11,2640,25.1,2165,20.6,1555,14.8,1028,9.8,307,2.9
53220,East Pilbara,2021,10378,1697,16.4,1134,10.9,2497,24.1,2132,20.5,1545,14.9,1068,10.3,305,2.9
53220,East Pilbara,2022,10311,1630,15.8,1073,10.4,2468,23.9,2205,21.4,1548,15,1085,10.5,302,2.9
53220,East Pilbara,2023,10401,1560,15,1014,9.7,2493,24,2283,21.9,1566,15.1,1127,10.8,358,3.4
53290,Esperance,2020,14325,2849,19.9,1618,11.3,1612,11.3,1706,11.9,1988,13.9,1921,13.4,2631,18.4
53290,Esperance,2021,14396,2857,19.8,1558,10.8,1630,11.3,1713,11.9,1966,13.7,1952,13.6,2720,18.9
53290,Esperance,2022,14501,2845,19.6,1614,11.1,1552,10.7,1786,12.3,1941,13.4,1960,13.5,2803,19.3
53290,Esperance,2023,14547,2792,19.2,1659,11.4,1580,10.9,1800,12.4,1848,12.7,1975,13.6,2893,19.9
53360,Exmouth,2020,3151,610,19.4,326,10.3,559,17.7,471,14.9,418,13.3,400,12.7,367,11.6
53360,Exmouth,2021,3202,595,18.6,343,10.7,571,17.8,501,15.6,431,13.5,393,12.3,368,11.5
53360,Exmouth,2022,3315,613,18.5,337,10.2,625,18.9,539,16.3,437,13.2,384,11.6,380,11.5
53360,Exmouth,2023,3466,631,18.2,365,10.5,657,19,577,16.6,452,13,381,11,403,11.6
53430,Fremantle,2020,32439,4689,14.5,3332,10.3,4777,14.7,4534,14,4395,13.5,4511,13.9,6201,19.1
53430,Fremantle,2021,33112,4809,14.5,3355,10.1,4772,14.4,4671,14.1,4468,13.5,4581,13.8,6456,19.5
53430,Fremantle,2022,33788,5086,15.1,3368,10,4823,14.3,4829,14.3,4491,13.3,4605,13.6,6586,19.5
53430,Fremantle,2023,35157,5397,15.4,3541,10.1,5248,14.9,5064,14.4,4470,12.7,4665,13.3,6772,19.3
53570,Gingin,2020,5611,812,14.5,517,9.2,571,10.2,575,10.2,790,14.1,910,16.2,1436,25.6
53570,Gingin,2021,5751,814,14.2,488,8.5,606,10.5,592,10.3,811,14.1,921,16,1519,26.4
53570,Gingin,2022,5896,847,14.4,488,8.3,617,10.5,597,10.1,812,13.8,959,16.3,1576,26.7
53570,Gingin,2023,6064,853,14.1,534,8.8,676,11.1,594,9.8,804,13.3,1008,16.6,1595,26.3
53640,Gnowangerup,2020,1250,264,21.1,98,7.8,185,14.8,160,12.8,160,12.8,197,15.8,186,14.9
53640,Gnowangerup,2021,1260,271,21.5,109,8.7,187,14.8,163,12.9,157,12.5,186,14.8,187,14.8
53640,Gnowangerup,2022,1264,284,22.5,120,9.5,179,14.2,162,12.8,168,13.3,161,12.7,190,15
53640,Gnowangerup,2023,1269,281,22.1,127,10,170,13.4,173,13.6,162,12.8,161,12.7,195,15.4
53710,Goomalling,2020,997,187,18.8,74,7.4,74,7.4,129,12.9,141,14.1,170,17.1,222,22.3
53710,Goomalling,2021,983,181,18.4,77,7.8,74,7.5,129,13.1,128,13,166,16.9,228,23.2
53710,Goomalling,2022,984,184,18.7,75,7.6,81,8.2,121,12.3,122,12.4,154,15.7,247,25.1
53710,Goomalling,2023,987,179,18.1,80,8.1,83,8.4,114,11.6,131,13.3,149,15.1,251,25.4
53780,Gosnells,2020,129685,27086,20.9,17083,13.2,18939,14.6,20012,15.4,16487,12.7,13237,10.2,16841,13
53780,Gosnells,2021,131366,27521,20.9,17003,12.9,18570,14.1,20640,15.7,16783,12.8,13368,10.2,17481,13.3
53780,Gosnells,2022,133064,27511,20.7,17313,13,18513,13.9,20905,15.7,17224,12.9,13573,10.2,18025,13.5
53780,Gosnells,2023,137355,27771,20.2,18177,13.2,19845,14.4,21589,15.7,17549,12.8,13784,10,18640,13.6
53800,Greater Geraldton,2020,40641,8372,20.6,4862,12,4941,12.2,5029,12.4,5555,13.7,5270,13,6612,16.3
53800,Greater Geraldton,2021,41182,8351,20.3,4821,11.7,4983,12.1,5112,12.4,5579,13.5,5348,13,6988,17
53800,Greater Geraldton,2022,41515,8414,20.3,4850,11.7,4980,12,5188,12.5,5561,13.4,5316,12.8,7206,17.4
53800,Greater Geraldton,2023,41914,8403,20,4845,11.6,5040,12,5252,12.5,5484,13.1,5389,12.9,7501,17.9
53920,Halls Creek,2020,3932,1019,25.9,703,17.9,665,16.9,538,13.7,459,11.7,305,7.8,243,6.2
53920,Halls Creek,2021,4038,1031,25.5,725,18,686,17,563,13.9,480,11.9,309,7.7,244,6
53920,Halls Creek,2022,4113,1029,25,757,18.4,703,17.1,569,13.8,478,11.6,314,7.6,263,6.4
53920,Halls Creek,2023,4136,1032,25,754,18.2,700,16.9,595,14.4,471,11.4,316,7.6,268,6.5
53990,Harvey,2020,29076,6257,21.5,3290,11.3,3443,11.8,3769,13,3874,13.3,3770,13,4673,16.1
53990,Harvey,2021,29625,6310,21.3,3267,11,3426,11.6,3889,13.1,3871,13.1,3887,13.1,4975,16.8
53990,Harvey,2022,30165,6281,20.8,3380,11.2,3400,11.3,3940,13.1,3910,13,3974,13.2,5280,17.5
53990,Harvey,2023,30790,6268,20.4,3479,11.3,3451,11.2,4004,13,3920,12.7,3989,13,5679,18.4
54060,Irwin,2020,3730,593,15.9,310,8.3,242,6.5,389,10.4,493,13.2,646,17.3,1057,28.3
54060,Irwin,2021,3769,571,15.1,312,8.3,230,6.1,374,9.9,491,13,670,17.8,1121,29.7
54060,Irwin,2022,3795,541,14.3,338,8.9,238,6.3,366,9.6,474,12.5,669,17.6,1169,30.8
54060,Irwin,2023,3842,516,13.4,377,9.8,229,6,380,9.9,467,12.2,642,16.7,1231,32
54130,Jerramungup,2020,1162,275,23.7,93,8,137,11.8,152,13.1,140,12,196,16.9,169,14.5
54130,Jerramungup,2021,1196,279,23.3,91,7.6,138,11.5,156,13,152,12.7,195,16.3,185,15.5
54130,Jerramungup,2022,1196,267,22.3,82,6.9,144,12,163,13.6,137,11.5,208,17.4,195,16.3
54130,Jerramungup,2023,1213,268,22.1,89,7.3,149,12.3,164,13.5,136,11.2,202,16.7,205,16.9
54170,Joondalup,2020,164044,31211,19,20192,12.3,17721,10.8,21664,13.2,23276,14.2,22422,13.7,27558,16.8
54170,Joondalup,2021,165050,31119,18.9,19933,12.1,17151,10.4,22136,13.4,23416,14.2,22319,13.5,28976,17.6
54170,Joondalup,2022,165649,31293,18.9,20255,12.2,16639,10,22383,13.5,23165,14,21804,13.2,30110,18.2
54170,Joondalup,2023,169657,31369,18.5,21462,12.7,17437,10.3,23095,13.6,23249,13.7,21790,12.8,31255,18.4
54200,Kalamunda,2020,60337,11844,19.6,7099,11.8,6976,11.6,8151,13.5,8013,13.3,7378,12.2,10876,18
54200,Kalamunda,2021,60804,11893,19.6,7000,11.5,6806,11.2,8273,13.6,8134,13.4,7457,12.3,11241,18.5
54200,Kalamunda,2022,61294,11841,19.3,7242,11.8,6656,10.9,8389,13.7,8120,13.2,7544,12.3,11502,18.8
54200,Kalamunda,2023,62670,11850,18.9,7648,12.2,6950,11.1,8584,13.7,8174,13,7615,12.2,11849,18.9
54280,Kalgoorlie-Boulder,2020,30590,6933,22.7,3897,12.7,5155,16.9,4510,14.7,4098,13.4,3476,11.4,2521,8.2
54280,Kalgoorlie-Boulder,2021,30670,6870,22.4,3820,12.5,5114,16.7,4607,15,4067,13.3,3531,11.5,2661,8.7
54280,Kalgoorlie-Boulder,2022,30756,6796,22.1,3831,12.5,5077,16.5,4634,15.1,4031,13.1,3577,11.6,2810,9.1
54280,Kalgoorlie-Boulder,2023,30775,6677,21.7,3838,12.5,5183,16.8,4687,15.2,3908,12.7,3581,11.6,2901,9.4
54310,Karratha,2020,23245,5927,25.5,2582,11.1,4559,19.6,4376,18.8,3197,13.8,1902,8.2,702,3
54310,Karratha,2021,23412,5999,25.6,2545,10.9,4407,18.8,4543,19.4,3275,14,1927,8.2,716,3.1
54310,Karratha,2022,23809,6043,25.4,2591,10.9,4465,18.8,4630,19.4,3327,14,1983,8.3,770,3.2
54310,Karratha,2023,24237,6018,24.8,2688,11.1,4458,18.4,4844,20,3333,13.8,2062,8.5,834,3.4
54340,Katanning,2020,4205,847,20.1,514,12.2,542,12.9,510,12.1,523,12.4,544,12.9,725,17.2
54340,Katanning,2021,4227,833,19.7,529,12.5,566,13.4,506,12,511,12.1,541,12.8,741,17.5
54340,Katanning,2022,4237,836,19.7,513,12.1,563,13.3,514,12.1,492,11.6,567,13.4,752,17.7
54340,Katanning,2023,4290,841,19.6,537,12.5,569,13.3,525,12.2,496,11.6,547,12.8,775,18.1
54410,Kellerberrin,2020,1180,174,14.7,104,8.8,121,10.3,118,10,165,14,197,16.7,301,25.5
54410,Kellerberrin,2021,1177,156,13.3,112,9.5,110,9.3,122,10.4,161,13.7,209,17.8,307,26.1
54410,Kellerberrin,2022,1180,161,13.6,112,9.5,94,8,128,10.8,153,13,216,18.3,316,26.8
54410,Kellerberrin,2023,1166,165,14.2,120,10.3,81,6.9,130,11.1,146,12.5,212,18.2,312,26.8
54480,Kent,2020,511,132,25.8,37,7.2,58,11.4,95,18.6,87,17,50,9.8,52,10.2
54480,Kent,2021,506,116,22.9,43,8.5,64,12.6,89,17.6,85,16.8,55,10.9,54,10.7
54480,Kent,2022,510,115,22.5,48,9.4,52,10.2,89,17.5,89,17.5,47,9.2,70,13.7
54480,Kent,2023,524,116,22.1,50,9.5,55,10.5,90,17.2,89,17,51,9.7,73,13.9
54550,Kojonup,2020,1964,403,20.5,152,7.7,184,9.4,246,12.5,266,13.5,303,15.4,410,20.9
54550,Kojonup,2021,1963,395,20.1,148,7.5,178,9.1,254,12.9,249,12.7,312,15.9,427,21.8
54550,Kojonup,2022,1976,394,19.9,150,7.6,181,9.2,265,13.4,241,12.2,316,16,429,21.7
54550,Kojonup,2023,1967,419,21.3,128,6.5,168,8.5,250,12.7,244,12.4,313,15.9,445,22.6
54620,Kondinin,2020,876,177,20.2,77,8.8,77,8.8,119,13.6,136,15.5,132,15.1,158,18
54620,Kondinin,2021,872,161,18.5,75,8.6,79,9.1,122,14,136,15.6,134,15.4,165,18.9
54620,Kondinin,2022,866,165,19.1,62,7.2,85,9.8,112,12.9,137,15.8,137,15.8,168,19.4
54620,Kondinin,2023,858,164,19.1,62,7.2,88,10.3,105,12.2,134,15.6,127,14.8,178,20.7
54690,Koorda,2020,382,75,19.6,17,4.5,30,7.9,47,12.3,59,15.4,72,18.8,82,21.5
54690,Koorda,2021,373,64,17.2,16,4.3,29,7.8,42,11.3,62,16.6,69,18.5,91,24.4
54690,Koorda,2022,374,61,16.3,13,3.5,33,8.8,39,10.4,57,15.2,75,20.1,96,25.7
54690,Koorda,2023,371,55,14.8,16,4.3,34,9.2,40,10.8,58,15.6,69,18.6,99,26.7
54760,Kulin,2020,792,155,19.6,51,6.4,80,10.1,110,13.9,119,15,113,14.3,164,20.7
54760,Kulin,2021,789,167,21.2,50,6.3,78,9.9,107,13.6,118,15,115,14.6,154,19.5
54760,Kulin,2022,783,175,22.3,44,5.6,75,9.6,105,13.4,109,13.9,111,14.2,164,20.9
54760,Kulin,2023,794,183,23,42,5.3,72,9.1,106,13.4,108,13.6,113,14.2,170,21.4
54830,Kwinana,2020,46243,10600,22.9,5809,12.6,8269,17.9,7570,16.4,5682,12.3,4027,8.7,4286,9.3
54830,Kwinana,2021,47660,10896,22.9,5930,12.4,8296,17.4,7989,16.8,5847,12.3,4226,8.9,4476,9.4
54830,Kwinana,2022,49542,11127,22.5,6188,12.5,8486,17.1,8506,17.2,6126,12.4,4415,8.9,4694,9.5
54830,Kwinana,2023,52103,11425,21.9,6634,12.7,9181,17.6,8958,17.2,6380,12.2,4648,8.9,4877,9.4
54900,Lake Grace,2020,1305,253,19.4,114,8.7,149,11.4,193,14.8,169,13,230,17.6,197,15.1
54900,Lake Grace,2021,1299,238,18.3,117,9,148,11.4,190,14.6,178,13.7,209,16.1,219,16.9
54900,Lake Grace,2022,1290,235,18.2,112,8.7,148,11.5,197,15.3,175,13.6,205,15.9,218,16.9
54900,Lake Grace,2023,1301,237,18.2,118,9.1,141,10.8,196,15.1,164,12.6,205,15.8,240,18.4
54970,Laverton,2020,1377,154,11.2,146,10.6,337,24.5,237,17.2,241,17.5,202,14.7,60,4.4
54970,Laverton,2021,1432,151,10.5,155,10.8,346,24.2,258,18,246,17.2,212,14.8,64,4.5
54970,Laverton,2022,1434,144,10,137,9.6,353,24.6,243,16.9,247,17.2,225,15.7,85,5.9
54970,Laverton,2023,1439,138,9.6,132,9.2,357,24.8,241,16.7,251,17.4,219,15.2,101,7
55040,Leonora,2020,1661,288,17.3,215,12.9,376,22.6,265,16,220,13.2,188,11.3,109,6.6
55040,Leonora,2021,1716,295,17.2,228,13.3,379,22.1,277,16.1,230,13.4,197,11.5,110,6.4
55040,Leonora,2022,1723,263,15.3,231,13.4,388,22.5,282,16.4,243,14.1,197,11.4,119,6.9
55040,Leonora,2023,1732,259,15,237,13.7,396,22.9,274,15.8,238,13.7,193,11.1,135,7.8
55110,Mandurah,2020,91112,16273,17.9,9735,10.7,9767,10.7,9964,10.9,11207,12.3,12046,13.2,22120,24.3
55110,Mandurah,2021,93412,16486,17.6,9828,10.5,9701,10.4,10284,11,11331,12.1,12340,13.2,23442,25.1
55110,Mandurah,2022,95622,16465,17.2,10193,10.7,9740,10.2,10689,11.2,11553,12.1,12573,13.1,24409,25.5
55110,Mandurah,2023,99272,16823,16.9,10863,10.9,10276,10.4,11371,11.5,11694,11.8,12791,12.9,25454,25.6
55180,Manjimup,2020,9317,1574,16.9,981,10.5,952,10.2,968,10.4,1331,14.3,1509,16.2,2002,21.5
55180,Manjimup,2021,9351,1549,16.6,969,10.4,945,10.1,976,10.4,1298,13.9,1535,16.4,2079,22.2
55180,Manjimup,2022,9412,1551,16.5,967,10.3,905,9.6,1002,10.6,1262,13.4,1599,17,2126,22.6
55180,Manjimup,2023,9438,1545,16.4,953,10.1,878,9.3,1046,11.1,1231,13,1596,16.9,2189,23.2
55250,Meekatharra,2020,1213,202,16.7,159,13.1,266,21.9,175,14.4,145,12,163,13.4,103,8.5
55250,Meekatharra,2021,1287,191,14.8,181,14.1,281,21.8,182,14.1,157,12.2,172,13.4,123,9.6
55250,Meekatharra,2022,1295,193,14.9,183,14.1,288,22.2,172,13.3,168,13,169,13.1,122,9.4
55250,Meekatharra,2023,1294,187,14.5,163,12.6,304,23.5,168,13,175,13.5,174,13.4,123,9.5
55320,Melville,2020,106124,18642,17.6,13339,12.6,11758,11.1,13611,12.8,13988,13.2,13482,12.7,21304,20.1
55320,Melville,2021,106823,18670,17.5,13240,12.4,11489,10.8,13886,13,14161,13.3,13368,12.5,22009,20.6
55320,Melville,2022,107433,18658,17.4,13575,12.6,11279,10.5,13940,13,14182,13.2,13259,12.3,22540,21
55320,Melville,2023,110426,18619,16.9,14430,13.1,12213,11.1,14538,13.2,14242,12.9,13237,12,23147,21
55390,Menzies,2020,553,43,7.8,81,14.6,123,22.2,105,19,85,15.4,73,13.2,43,7.8
55390,Menzies,2021,569,30,5.3,83,14.6,131,23,119,20.9,83,14.6,74,13,49,8.6
55390,Menzies,2022,571,33,5.8,67,11.7,139,24.3,112,19.6,99,17.3,70,12.3,51,8.9
55390,Menzies,2023,575,33,5.7,61,10.6,143,24.9,121,21,90,15.7,66,11.5,61,10.6
55460,Merredin,2020,3254,620,19.1,405,12.4,374,11.5,378,11.6,443,13.6,441,13.6,593,18.2
55460,Merredin,2021,3221,620,19.2,376,11.7,388,12,376,11.7,403,12.5,441,13.7,617,19.2
55460,Merredin,2022,3235,629,19.4,408,12.6,363,11.2,390,12.1,375,11.6,446,13.8,624,19.3
55460,Merredin,2023,3268,634,19.4,448,13.7,367,11.2,373,11.4,374,11.4,421,12.9,651,19.9
55530,Mingenew,2020,421,78,18.5,25,5.9,44,10.5,41,9.7,59,14,89,21.1,85,20.2
55530,Mingenew,2021,423,83,19.6,25,5.9,35,8.3,50,11.8,57,13.5,78,18.4,95,22.5
55530,Mingenew,2022,423,87,20.6,17,4,35,8.3,52,12.3,44,10.4,84,19.9,104,24.6
55530,Mingenew,2023,417,90,21.6,13,3.1,34,8.2,54,12.9,39,9.4,82,19.7,105,25.2
55600,Moora,2020,2380,488,20.5,236,9.9,255,10.7,263,11.1,335,14.1,336,14.1,467,19.6
55600,Moora,2021,2382,473,19.9,239,10,256,10.7,250,10.5,351,14.7,334,14,479,20.1
55600,Moora,2022,2378,469,19.7,246,10.3,251,10.6,234,9.8,358,15.1,346,14.6,474,19.9
55600,Moora,2023,2392,444,18.6,257,10.7,257,10.7,226,9.4,359,15,359,15,490,20.5
55670,Morawa,2020,668,143,21.4,72,10.8,69,10.3,75,11.2,86,12.9,89,13.3,134,20.1
55670,Morawa,2021,669,154,23,73,10.9,60,9,71,10.6,73,10.9,89,13.3,149,22.3
55670,Morawa,2022,669,141,21.1,83,12.4,53,7.9,71,10.6,77,11.5,86,12.9,158,23.6
55670,Morawa,2023,679,138,20.3,91,13.4,67,9.9,70,10.3,71,10.5,85,12.5,157,23.1
55740,Mosman Park,2020,9394,1606,17.1,1238,13.2,1116,11.9,1149,12.2,1373,14.6,1151,12.3,1761,18.7
55740,Mosman Park,2021,9478,1615,17,1250,13.2,1062,11.2,1174,12.4,1379,14.5,1169,12.3,1829,19.3
55740,Mosman Park,2022,9621,1620,16.8,1255,13,1133,11.8,1164,12.1,1399,14.5,1185,12.3,1865,19.4
55740,Mosman Park,2023,10032,1597,15.9,1375,13.7,1283,12.8,1284,12.8,1368,13.6,1202,12,1923,19.2
55810,Mount Magnet,2020,643,123,19.1,55,8.6,81,12.6,94,14.6,95,14.8,96,14.9,99,15.4
55810,Mount Magnet,2021,699,137,19.6,59,8.4,74,10.6,104,14.9,115,16.5,113,16.2,97,13.9
55810,Mount Magnet,2022,701,135,19.3,56,8,75,10.7,104,14.8,121,17.3,107,15.3,103,14.7
55810,Mount Magnet,2023,701,139,19.8,58,8.3,71,10.1,104,14.8,110,15.7,115,16.4,104,14.8
55880,Mount Marshall,2020,479,89,18.6,38,7.9,49,10.2,70,14.6,76,15.9,85,17.7,72,15
55880,Mount Marshall,2021,467,84,18,28,6,45,9.6,71,15.2,71,15.2,96,20.6,72,15.4
55880,Mount Marshall,2022,463,79,17.1,27,5.8,48,10.4,68,14.7,77,16.6,87,18.8,77,16.6
55880,Mount Marshall,2023,461,85,18.4,10,2.2,56,12.1,71,15.4,72,15.6,84,18.2,83,18
55950,Mukinbudin,2020,580,119,20.5,43,7.4,68,11.7,66,11.4,73,12.6,88,15.2,123,21.2
55950,Mukinbudin,2021,593,111,18.7,54,9.1,59,9.9,63,10.6,83,14,92,15.5,131,22.1
55950,Mukinbudin,2022,587,110,18.7,50,8.5,55,9.4,67,11.4,86,14.7,80,13.6,139,23.7
55950,Mukinbudin,2023,600,109,18.2,61,10.2,60,10,70,11.7,87,14.5,69,11.5,144,24
56090,Mundaring,2020,40360,6888,17.1,4631,11.5,4613,11.4,5071,12.6,5877,14.6,5816,14.4,7464,18.5
56090,Mundaring,2021,40539,6833,16.9,4534,11.2,4501,11.1,5155,12.7,5825,14.4,5891,14.5,7800,19.2
56090,Mundaring,2022,40517,6804,16.8,4586,11.3,4238,10.5,5172,12.8,5735,14.2,5887,14.5,8095,20
56090,Mundaring,2023,41421,6861,16.6,4712,11.4,4391,10.6,5395,13,5638,13.6,6038,14.6,8386,20.2
56160,Murchison,2020,117,25,21.4,8,6.8,18,15.4,15,12.8,24,20.5,19,16.2,8,6.8
56160,Murchison,2021,108,28,25.9,4,3.7,14,13,16,14.8,21,19.4,18,16.7,7,6.5
56160,Murchison,2022,108,25,23.1,7,6.5,15,13.9,15,13.9,21,19.4,17,15.7,8,7.4
56160,Murchison,2023,106,21,19.8,10,9.4,14,13.2,13,12.3,18,17,18,17,12,11.3
56230,Murray,2020,18274,3406,18.6,1931,10.6,1875,10.3,2023,11.1,2313,12.7,2520,13.8,4206,23
56230,Murray,2021,18639,3436,18.4,1956,10.5,1862,10,2086,11.2,2355,12.6,2552,13.7,4392,23.6
56230,Murray,2022,19116,3433,18,2091,10.9,1856,9.7,2170,11.4,2360,12.3,2610,13.7,4596,24
56230,Murray,2023,19823,3518,17.7,2185,11,1898,9.6,2264,11.4,2423,12.2,2669,13.5,4866,24.5
56300,Nannup,2020,1547,232,15,78,5,104,6.7,168,10.9,192,12.4,287,18.6,486,31.4
56300,Nannup,2021,1575,223,14.2,80,5.1,100,6.3,187,11.9,185,11.7,286,18.2,514,32.6
56300,Nannup,2022,1593,202,12.7,101,6.3,101,6.3,194,12.2,189,11.9,287,18,519,32.6
56300,Nannup,2023,1632,196,12,128,7.8,88,5.4,206,12.6,196,12,277,17,541,33.1
56370,Narembeen,2020,829,161,19.4,38,4.6,124,15,85,10.3,91,11,131,15.8,199,24
56370,Narembeen,2021,820,152,18.5,38,4.6,117,14.3,76,9.3,102,12.4,131,16,204,24.9
56370,Narembeen,2022,822,152,18.5,40,4.9,114,13.9,85,10.3,94,11.4,131,15.9,206,25.1
56370,Narembeen,2023,833,153,18.4,52,6.2,109,13.1,97,11.6,80,9.6,134,16.1,208,25
56460,Narrogin,2020,4987,924,18.5,613,12.3,572,11.5,550,11,633,12.7,657,13.2,1038,20.8
56460,Narrogin,2021,4937,880,17.8,628,12.7,548,11.1,545,11,601,12.2,684,13.9,1051,21.3
56460,Narrogin,2022,4959,904,18.2,644,13,562,11.3,536,10.8,597,12,680,13.7,1036,20.9
56460,Narrogin,2023,4983,876,17.6,657,13.2,573,11.5,547,11,593,11.9,677,13.6,1060,21.3
56580,Nedlands,2020,23075,4461,19.3,3198,13.9,2087,9,2654,11.5,3235,14,2814,12.2,4626,20
56580,Nedlands,2021,22924,4406,19.2,3183,13.9,1982,8.6,2549,11.1,3220,14,2829,12.3,4755,20.7
56580,Nedlands,2022,23018,4330,18.8,3377,14.7,2056,8.9,2441,10.6,3214,14,2756,12,4844,21
56580,Nedlands,2023,24127,4298,17.8,3887,16.1,2388,9.9,2648,11,3233,13.4,2780,11.5,4893,20.3
56620,Ngaanyatjarraku,2020,1502,343,22.8,254,16.9,243,16.2,223,14.8,211,14,148,9.9,80,5.3
56620,Ngaanyatjarraku,2021,1476,322,21.8,264,17.9,237,16.1,217,14.7,203,13.8,149,10.1,84,5.7
56620,Ngaanyatjarraku,2022,1478,305,20.6,278,18.8,236,16,226,15.3,198,13.4,153,10.4,82,5.5
56620,Ngaanyatjarraku,2023,1479,283,19.1,270,18.3,245,16.6,234,15.8,198,13.4,157,10.6,92,6.2
56730,Northam,2020,11594,2164,18.7,1295,11.2,1328,11.5,1338,11.5,1508,13,1692,14.6,2269,19.6
56730,Northam,2021,11804,2183,18.5,1301,11,1305,11.1,1357,11.5,1538,13,1729,14.6,2391,20.3
56730,Northam,2022,11938,2237,18.7,1303,10.9,1280,10.7,1419,11.9,1529,12.8,1745,14.6,2425,20.3
56730,Northam,2023,12193,2240,18.4,1360,11.2,1354,11.1,1453,11.9,1495,12.3,1773,14.5,2518,20.7
56790,Northampton,2020,3279,512,15.6,223,6.8,266,8.1,350,10.7,418,12.7,601,18.3,909,27.7
56790,Northampton,2021,3332,517,15.5,219,6.6,261,7.8,350,10.5,410,12.3,613,18.4,962,28.9
56790,Northampton,2022,3343,507,15.2,239,7.1,236,7.1,345,10.3,413,12.4,597,17.9,1006,30.1
56790,Northampton,2023,3369,514,15.3,250,7.4,217,6.4,352,10.4,406,12.1,574,17,1056,31.3
56860,Nungarin,2020,261,34,13,29,11.1,27,10.3,28,10.7,38,14.6,50,19.2,55,21.1
56860,Nungarin,2021,263,41,15.6,30,11.4,19,7.2,23,8.7,41,15.6,47,17.9,62,23.6
56860,Nungarin,2022,261,42,16.1,23,8.8,26,10,19,7.3,45,17.2,48,18.4,58,22.2
56860,Nungarin,2023,256,43,16.8,17,6.6,26,10.2,19,7.4,43,16.8,43,16.8,65,25.4
56930,Peppermint Grove,2020,1661,295,17.8,332,20,114,6.9,129,7.8,231,13.9,235,14.1,325,19.6
56930,Peppermint Grove,2021,1638,286,17.5,327,20,114,7,128,7.8,226,13.8,222,13.6,335,20.5
56930,Peppermint Grove,2022,1638,273,16.7,349,21.3,103,6.3,119,7.3,216,13.2,225,13.7,353,21.6
56930,Peppermint Grove,2023,1736,255,14.7,409,23.6,147,8.5,128,7.4,211,12.2,220,12.7,366,21.1
57000,Perenjori,2020,632,86,13.6,45,7.1,94,14.9,97,15.3,97,15.3,122,19.3,91,14.4
57000,Perenjori,2021,652,87,13.3,58,8.9,87,13.3,96,14.7,101,15.5,123,18.9,100,15.3
57000,Perenjori,2022,652,102,15.6,47,7.2,75,11.5,98,15,102,15.6,126,19.3,102,15.6
57000,Perenjori,2023,649,99,15.3,49,7.6,72,11.1,109,16.8,82,12.6,135,20.8,103,15.9
57080,Perth,2020,29588,2126,7.2,5297,17.9,9008,30.4,4692,15.9,2834,9.6,2576,8.7,3055,10.3
57080,Perth,2021,29653,2103,7.1,5163,17.4,8906,30,4977,16.8,2789,9.4,2562,8.6,3153,10.6
57080,Perth,2022,30580,2055,6.7,5063,16.6,9257,30.3,5335,17.4,2885,9.4,2607,8.5,3378,11
57080,Perth,2023,32856,2012,6.1,5635,17.2,10544,32.1,5717,17.4,2848,8.7,2603,7.9,3497,10.6
57140,Pingelly,2020,1086,177,16.3,85,7.8,105,9.7,112,10.3,127,11.7,191,17.6,289,26.6
57140,Pingelly,2021,1072,166,15.5,90,8.4,96,9,106,9.9,126,11.8,187,17.4,301,28.1
57140,Pingelly,2022,1068,166,15.5,82,7.7,101,9.5,111,10.4,114,10.7,188,17.6,306,28.7
57140,Pingelly,2023,1084,161,14.9,87,8,111,10.2,108,10,101,9.3,188,17.3,328,30.3
57210,Plantagenet,2020,5410,941,17.4,500,9.2,458,8.5,601,11.1,789,14.6,914,16.9,1207,22.3
57210,Plantagenet,2021,5534,942,17,508,9.2,467,8.4,596,10.8,797,14.4,936,16.9,1288,23.3
57210,Plantagenet,2022,5587,922,16.5,513,9.2,447,8,611,10.9,813,14.6,932,16.7,1349,24.1
57210,Plantagenet,2023,5669,920,16.2,545,9.6,467,8.2,584,10.3,820,14.5,938,16.5,1395,24.6
57280,Port Hedland,2020,16115,3974,24.7,1781,11.1,3380,21,2758,17.1,2091,13,1553,9.6,578,3.6
57280,Port Hedland,2021,16666,4159,25,1799,10.8,3323,19.9,2973,17.8,2129,12.8,1682,10.1,601,3.6
57280,Port Hedland,2022,17031,4188,24.6,1805,10.6,3350,19.7,3106,18.2,2178,12.8,1718,10.1,686,4
57280,Port Hedland,2023,17247,4146,24,1907,11.1,3430,19.9,3138,18.2,2181,12.6,1718,10,727,4.2
57350,Quairading,2020,984,164,16.7,54,5.5,87,8.8,89,9,122,12.4,185,18.8,283,28.8
57350,Quairading,2021,981,159,16.2,55,5.6,79,8.1,85,8.7,130,13.3,171,17.4,302,30.8
57350,Quairading,2022,983,177,18,51,5.2,86,8.7,72,7.3,132,13.4,168,17.1,297,30.2
57350,Quairading,2023,973,179,18.4,53,5.4,93,9.6,81,8.3,112,11.5,156,16,299,30.7
57420,Ravensthorpe,2020,2023,374,18.5,154,7.6,288,14.2,254,12.6,295,14.6,302,14.9,356,17.6
57420,Ravensthorpe,2021,2157,421,19.5,155,7.2,310,14.4,266,12.3,308,14.3,321,14.9,376,17.4
57420,Ravensthorpe,2022,2202,431,19.6,165,7.5,311,14.1,276,12.5,300,13.6,330,15,389,17.7
57420,Ravensthorpe,2023,2277,459,20.2,150,6.6,321,14.1,296,13,290,12.7,340,14.9,421,18.5
57490,Rockingham,2020,137931,30534,22.1,17509,12.7,19319,14,18588,13.5,18181,13.2,15393,11.2,18407,13.3
57490,Rockingham,2021,140584,30798,21.9,17615,12.5,19293,13.7,19055,13.6,18422,13.1,15993,11.4,19408,13.8
57490,Rockingham,2022,143754,30923,21.5,18205,12.7,19410,13.5,19674,13.7,18608,12.9,16619,11.6,20315,14.1
57490,Rockingham,2023,148822,31208,21,19535,13.1,20281,13.6,20779,14,18856,12.7,17097,11.5,21066,14.2
57630,Sandstone,2020,109,1,0.9,9,8.3,10,9.2,9,8.3,13,11.9,33,30.3,34,31.2
57630,Sandstone,2021,117,1,0.9,8,6.8,18,15.4,10,8.5,17,14.5,28,23.9,35,29.9
57630,Sandstone,2022,119,1,0.8,10,8.4,19,16,9,7.6,15,12.6,29,24.4,36,30.3
57630,Sandstone,2023,116,1,0.9,6,5.2,28,24.1,8,6.9,14,12.1,22,19,37,31.9
57700,Serpentine-Jarrahdale,2020,32437,8098,25,3838,11.8,5207,16.1,4658,14.4,4161,12.8,3311,10.2,3164,9.8
57700,Serpentine-Jarrahdale,2021,33349,8389,25.2,3866,11.6,5168,15.5,4942,14.8,4202,12.6,3464,10.4,3318,9.9
57700,Serpentine-Jarrahdale,2022,34795,8767,25.2,4067,11.7,5291,15.2,5317,15.3,4208,12.1,3634,10.4,3511,10.1
57700,Serpentine-Jarrahdale,2023,36739,9026,24.6,4497,12.2,5647,15.4,5646,15.4,4370,11.9,3772,10.3,3781,10.3
57770,Shark Bay,2020,1041,175,16.8,86,8.3,158,15.2,143,13.7,115,11,166,15.9,198,19
57770,Shark Bay,2021,1069,166,15.5,75,7,164,15.3,148,13.8,133,12.4,175,16.4,208,19.5
57770,Shark Bay,2022,1082,162,15,76,7,170,15.7,161,14.9,127,11.7,175,16.2,211,19.5
57770,Shark Bay,2023,1129,165,14.6,86,7.6,189,16.7,170,15.1,119,10.5,177,15.7,223,19.8
57840,South Perth,2020,45072,6594,14.6,6354,14.1,6994,15.5,5884,13.1,5497,12.2,5444,12.1,8305,18.4
57840,South Perth,2021,44952,6512,14.5,6197,13.8,6936,15.4,5896,13.1,5454,12.1,5316,11.8,8641,19.2
57840,South Perth,2022,45201,6346,14,6207,13.7,7135,15.8,6011,13.3,5463,12.1,5236,11.6,8803,19.5
57840,South Perth,2023,46701,6328,13.6,6582,14.1,7773,16.6,6353,13.6,5481,11.7,5249,11.2,8935,19.1
57910,Stirling,2020,232404,39585,17,25806,11.1,40303,17.3,34952,15,28587,12.3,25029,10.8,38142,16.4
57910,Stirling,2021,234322,39823,17,25614,10.9,39474,16.8,36084,15.4,29026,12.4,24980,10.7,39321,16.8
57910,Stirling,2022,236262,40070,17,25521,10.8,39324,16.6,37033,15.7,29129,12.3,25029,10.6,40156,17
57910,Stirling,2023,243871,40578,16.6,26907,11,41804,17.1,38864,15.9,29588,12.1,25067,10.3,41063,16.8
57980,Subiaco,2020,17941,2949,16.4,1898,10.6,2783,15.5,2478,13.8,2218,12.4,2102,11.7,3513,19.6
57980,Subiaco,2021,17902,2855,15.9,1879,10.5,2785,15.6,2492,13.9,2219,12.4,2059,11.5,3613,20.2
57980,Subiaco,2022,18008,2811,15.6,1911,10.6,2793,15.5,2530,14,2189,12.2,2035,11.3,3739,20.8
57980,Subiaco,2023,18870,2803,14.9,2044,10.8,3203,17,2685,14.2,2258,12,2010,10.7,3867,20.5
58050,Swan,2020,153844,33710,21.9,19925,13,24322,15.8,22567,14.7,19923,13,16572,10.8,16825,10.9
58050,Swan,2021,158689,34841,22,20103,12.7,24584,15.5,23680,14.9,20434,12.9,17189,10.8,17858,11.3
58050,Swan,2022,163948,35559,21.7,20583,12.6,25239,15.4,25153,15.3,20862,12.7,17807,10.9,18745,11.4
58050,Swan,2023,171588,36437,21.2,22006,12.8,26764,15.6,26742,15.6,21435,12.5,18423,10.7,19781,11.5
58190,Tammin,2020,399,81,20.3,38,9.5,46,11.5,39,9.8,62,15.5,68,17,65,16.3
58190,Tammin,2021,401,72,18,41,10.2,45,11.2,36,9,63,15.7,66,16.5,78,19.5
58190,Tammin,2022,403,71,17.6,45,11.2,43,10.7,34,8.4,58,14.4,64,15.9,88,21.8
58190,Tammin,2023,404,69,17.1,52,12.9,46,11.4,26,6.4,60,14.9,66,16.3,85,21
58260,Three Springs,2020,582,121,20.8,54,9.3,65,11.2,80,13.7,65,11.2,83,14.3,114,19.6
58260,Three Springs,2021,586,116,19.8,53,9,71,12.1,76,13,71,12.1,79,13.5,120,20.5
58260,Three Springs,2022,587,112,19.1,57,9.7,65,11.1,79,13.5,77,13.1,81,13.8,116,19.8
58260,Three Springs,2023,593,116,19.6,56,9.4,75,12.6,83,14,75,12.6,80,13.5,108,18.2
58330,Toodyay,2020,4611,661,14.3,365,7.9,350,7.6,413,9,708,15.4,945,20.5,1169,25.4
58330,Toodyay,2021,4709,660,14,367,7.8,362,7.7,418,8.9,680,14.4,987,21,1235,26.2
58330,Toodyay,2022,4814,682,14.2,398,8.3,358,7.4,450,9.3,630,13.1,997,20.7,1299,27
58330,Toodyay,2023,4954,715,14.4,446,9,353,7.1,485,9.8,602,12.2,1000,20.2,1353,27.3
58400,Trayning,2020,317,36,11.4,22,6.9,33,10.4,25,7.9,46,14.5,62,19.6,93,29.3
58400,Trayning,2021,307,31,10.1,28,9.1,32,10.4,15,4.9,41,13.4,65,21.2,95,30.9
58400,Trayning,2022,304,31,10.2,25,8.2,36,11.8,15,4.9,37,12.2,64,21.1,96,31.6
58400,Trayning,2023,303,27,8.9,27,8.9,41,13.5,14,4.6,38,12.5,67,22.1,89,29.4
58470,Upper Gascoyne,2020,201,54,26.9,15,7.5,41,20.4,19,9.5,31,15.4,27,13.4,14,7
58470,Upper Gascoyne,2021,180,45,25,10,5.6,30,16.7,25,13.9,26,14.4,27,15,17,9.4
58470,Upper Gascoyne,2022,188,42,22.3,13,6.9,32,17,25,13.3,24,12.8,29,15.4,23,12.2
58470,Upper Gascoyne,2023,201,44,21.9,14,7,40,19.9,26,12.9,23,11.4,31,15.4,23,11.4
58510,Victoria Park,2020,38260,5357,14,4972,13,8212,21.5,5980,15.6,4418,11.5,3819,10,5502,14.4
58510,Victoria Park,2021,38296,5357,14,4770,12.5,8123,21.2,6178,16.1,4465,11.7,3805,9.9,5598,14.6
58510,Victoria Park,2022,38756,5340,13.8,4819,12.4,8338,21.5,6313,16.3,4444,11.5,3873,10,5629,14.5
58510,Victoria Park,2023,40782,5456,13.4,5217,12.8,9324,22.9,6734,16.5,4457,10.9,3889,9.5,5705,14
58540,Victoria Plains,2020,847,149,17.6,76,9,89,10.5,106,12.5,124,14.6,146,17.2,157,18.5
58540,Victoria Plains,2021,832,146,17.5,69,8.3,82,9.9,100,12,110,13.2,161,19.4,164,19.7
58540,Victoria Plains,2022,824,140,17,76,9.2,75,9.1,102,12.4,99,12,148,18,184,22.3
58540,Victoria Plains,2023,824,145,17.6,71,8.6,76,9.2,101,12.3,102,12.4,141,17.1,188,22.8
58570,Vincent,2020,37717,5473,14.5,4082,10.8,8844,23.4,6316,16.7,4784,12.7,3902,10.3,4316,11.4
58570,Vincent,2021,37833,5463,14.4,4044,10.7,8701,23,6498,17.2,4779,12.6,3941,10.4,4407,11.6
58570,Vincent,2022,38504,5568,14.5,4087,10.6,8834,22.9,6751,17.5,4761,12.4,3942,10.2,4561,11.8
58570,Vincent,2023,40125,5563,13.9,4262,10.6,9638,24,7134,17.8,4854,12.1,4010,10,4664,11.6
58610,Wagin,2020,1781,303,17,151,8.5,158,8.9,181,10.2,232,13,299,16.8,457,25.7
58610,Wagin,2021,1802,310,17.2,145,8,170,9.4,177,9.8,230,12.8,285,15.8,485,26.9
58610,Wagin,2022,1809,320,17.7,160,8.8,163,9,173,9.6,215,11.9,287,15.9,491,27.1
58610,Wagin,2023,1816,323,17.8,162,8.9,171,9.4,175,9.6,216,11.9,267,14.7,502,27.6
58680,Wandering,2020,520,87,16.7,50,9.6,50,9.6,58,11.2,88,16.9,77,14.8,110,21.2
58680,Wandering,2021,551,80,14.5,50,9.1,47,8.5,61,11.1,98,17.8,90,16.3,125,22.7
58680,Wandering,2022,548,78,14.2,52,9.5,43,7.8,48,8.8,95,17.3,97,17.7,135,24.6
58680,Wandering,2023,545,87,16,41,7.5,41,7.5,46,8.4,98,18,99,18.2,133,24.4
58760,Wanneroo,2020,212823,47793,22.5,28250,13.3,30959,14.5,31294,14.7,29047,13.6,21373,10,24107,11.3
58760,Wanneroo,2021,216422,48143,22.2,28382,13.1,30625,14.2,32048,14.8,29567,13.7,22315,10.3,25342,11.7
58760,Wanneroo,2022,221257,48376,21.9,29050,13.1,30786,13.9,33274,15,29962,13.5,23171,10.5,26638,12
58760,Wanneroo,2023,229438,48786,21.3,30651,13.4,32678,14.2,34717,15.1,30533,13.3,24123,10.5,27950,12.2
58820,Waroona,2020,4314,735,17,448,10.4,382,8.9,490,11.4,611,14.2,675,15.6,973,22.6
58820,Waroona,2021,4355,741,17,436,10,366,8.4,501,11.5,603,13.8,679,15.6,1029,23.6
58820,Waroona,2022,4401,738,16.8,446,10.1,351,8,525,11.9,578,13.1,728,16.5,1035,23.5
58820,Waroona,2023,4457,741,16.6,470,10.5,352,7.9,516,11.6,562,12.6,742,16.6,1074,24.1
58890,West Arthur,2020,786,134,17,58,7.4,65,8.3,104,13.2,121,15.4,147,18.7,157,20
58890,West Arthur,2021,795,126,15.8,56,7,66,8.3,99,12.5,123,15.5,157,19.7,168,21.1
58890,West Arthur,2022,797,115,14.4,53,6.6,83,10.4,89,11.2,121,15.2,152,19.1,184,23.1
58890,West Arthur,2023,787,117,14.9,54,6.9,77,9.8,90,11.4,113,14.4,144,18.3,192,24.4
59030,Westonia,2020,268,39,14.6,11,4.1,42,15.7,46,17.2,28,10.4,43,16,59,22
59030,Westonia,2021,255,40,15.7,11,4.3,36,14.1,35,13.7,26,10.2,42,16.5,65,25.5
59030,Westonia,2022,252,42,16.7,9,3.6,37,14.7,34,13.5,23,9.1,40,15.9,67,26.6
59030,Westonia,2023,244,38,15.6,11,4.5,31,12.7,30,12.3,29,11.9,32,13.1,73,29.9
59100,Wickepin,2020,719,163,22.7,39,5.4,86,12,68,9.5,102,14.2,112,15.6,149,20.7
59100,Wickepin,2021,712,158,22.2,47,6.6,81,11.4,67,9.4,88,12.4,120,16.9,151,21.2
59100,Wickepin,2022,706,157,22.2,54,7.6,86,12.2,76,10.8,71,10.1,114,16.1,148,21
59100,Wickepin,2023,701,152,21.7,50,7.1,88,12.6,76,10.8,75,10.7,113,16.1,147,21
59170,Williams,2020,1035,238,23,62,6,116,11.2,144,13.9,119,11.5,149,14.4,207,20
59170,Williams,2021,1050,233,22.2,71,6.8,120,11.4,151,14.4,119,11.3,154,14.7,202,19.2
59170,Williams,2022,1053,240,22.8,84,8,107,10.2,147,14,110,10.4,155,14.7,210,19.9
59170,Williams,2023,1060,241,22.7,90,8.5,105,9.9,136,12.8,106,10,143,13.5,239,22.5
59250,Wiluna,2020,587,92,15.7,72,12.3,131,22.3,108,18.4,85,14.5,48,8.2,51,8.7
59250,Wiluna,2021,570,92,16.1,75,13.2,123,21.6,99,17.4,87,15.3,44,7.7,50,8.8
59250,Wiluna,2022,572,75,13.1,78,13.6,118,20.6,107,18.7,80,14,61,10.7,53,9.3
59250,Wiluna,2023,568,75,13.2,71,12.5,112,19.7,109,19.2,76,13.4,73,12.9,52,9.2
59310,Wongan-Ballidu,2020,1341,266,19.8,98,7.3,155,11.6,179,13.3,158,11.8,213,15.9,272,20.3
59310,Wongan-Ballidu,2021,1336,259,19.4,105,7.9,148,11.1,169,12.6,152,11.4,201,15,302,22.6
59310,Wongan-Ballidu,2022,1340,272,20.3,112,8.4,121,9,176,13.1,162,12.1,196,14.6,301,22.5
59310,Wongan-Ballidu,2023,1336,263,19.7,121,9.1,111,8.3,171,12.8,161,12.1,195,14.6,314,23.5
59320,Woodanilling,2020,461,94,20.4,36,7.8,50,10.8,53,11.5,54,11.7,80,17.4,94,20.4
59320,Woodanilling,2021,469,99,21.1,36,7.7,51,10.9,56,11.9,53,11.3,81,17.3,93,19.8
59320,Woodanilling,2022,470,94,20,35,7.4,55,11.7,52,11.1,51,10.9,83,17.7,100,21.3
59320,Woodanilling,2023,479,102,21.3,39,8.1,58,12.1,48,10,46,9.6,82,17.1,104,21.7
59330,Wyalkatchem,2020,492,65,13.2,33,6.7,53,10.8,43,8.7,72,14.6,86,17.5,140,28.5
59330,Wyalkatchem,2021,484,65,13.4,31,6.4,55,11.4,47,9.7,65,13.4,75,15.5,146,30.2
59330,Wyalkatchem,2022,485,56,11.5,30,6.2,65,13.4,59,12.2,52,10.7,83,17.1,140,28.9
59330,Wyalkatchem,2023,491,53,10.8,40,8.1,66,13.4,61,12.4,52,10.6,79,16.1,140,28.5
59340,Wyndham-East Kimberley,2020,7904,1848,23.4,975,12.3,1382,17.5,1160,14.7,1074,13.6,900,11.4,565,7.1
59340,Wyndham-East Kimberley,2021,8050,1903,23.6,936,11.6,1424,17.7,1188,14.8,1093,13.6,910,11.3,596,7.4
59340,Wyndham-East Kimberley,2022,8064,1908,23.7,913,11.3,1447,17.9,1204,14.9,1043,12.9,905,11.2,644,8
59340,Wyndham-East Kimberley,2023,8209,1896,23.1,944,11.5,1487,18.1,1265,15.4,1016,12.4,917,11.2,684,8.3
59350,Yalgoo,2020,358,33,9.2,42,11.7,101,28.2,51,14.2,59,16.5,43,12,29,8.1
59350,Yalgoo,2021,364,29,8,44,12.1,111,30.5,55,15.1,57,15.7,34,9.3,34,9.3
59350,Yalgoo,2022,365,27,7.4,35,9.6,109,29.9,66,18.1,47,12.9,43,11.8,38,10.4
59350,Yalgoo,2023,357,25,7,36,10.1,97,27.2,73,20.4,40,11.2,39,10.9,47,13.2
59360,Yilgarn,2020,1208,135,11.2,68,5.6,184,15.2,148,12.3,252,20.9,220,18.2,201,16.6
59360,Yilgarn,2021,1205,128,10.6,66,5.5,187,15.5,164,13.6,239,19.8,217,18,204,16.9
59360,Yilgarn,2022,1198,145,12.1,74,6.2,173,14.4,156,13,221,18.4,222,18.5,207,17.3
59360,Yilgarn,2023,1198,154,12.9,69,5.8,159,13.3,165,13.8,204,17,230,19.2,217,18.1
59370,York,2020,3567,536,15,234,6.6,256,7.2,341,9.6,432,12.1,672,18.8,1096,30.7
59370,York,2021,3553,521,14.7,228,6.4,257,7.2,346,9.7,398,11.2,646,18.2,1157,32.6
59370,York,2022,3567,531,14.9,238,6.7,222,6.2,347,9.7,380,10.7,661,18.5,1188,33.3
59370,York,2023,3602,544,15.1,257,7.1,217,6,361,10,385,10.7,660,18.3,1178,32.7
