RprtDt,StateCd,MMMCd_2015,AvgAnlsdCmtdSuppBdgt,PrtcpntCnt
31MAR2025,ACT,ALL,"71,000.00",580
31MAR2025,ACT,MMM1,"71,000.00",580
31MAR2025,ALL,ALL,"84,000.00",58140
31MAR2025,ALL,MMM,"110,000.00",12
31MAR2025,ALL,MMM1,"81,000.00",26767
31MAR2025,ALL,MMM2,"98,000.00",9089
31MAR2025,ALL,MMM3,"73,000.00",7750
31MAR2025,ALL,MMM4,"64,000.00",4063
31MAR2025,ALL,MMM5,"60,000.00",5021
31MAR2025,ALL,MMM6 & 7,"126,000.00",5438
31MAR2025,MIS,ALL,,<11
31MAR2025,MIS,MMM,,<11
31MAR2025,NSW,ALL,"69,000.00",19735
31MAR2025,NSW,MMM,,<11
31MAR2025,NSW,MMM1,"74,000.00",9857
31MAR2025,NSW,MMM2,"57,000.00",547
31MAR2025,NSW,MMM3,"72,000.00",4629
31MAR2025,NSW,MMM4,"59,000.00",2125
31MAR2025,NSW,MMM5,"56,000.00",2203
31MAR2025,NSW,MMM6 & 7,"70,000.00",373
31MAR2025,NT,ALL,"170,000.00",3326
31MAR2025,NT,MMM,,<11
31MAR2025,NT,MMM2,"174,000.00",1204
31MAR2025,NT,MMM5,"91,000.00",23
31MAR2025,NT,MMM6 & 7,"168,000.00",2096
31MAR2025,OT,ALL,,<11
31MAR2025,OT,MMM5,,<11
31MAR2025,OT,MMM6 & 7,,<11
31MAR2025,QLD,ALL,"81,000.00",16606
31MAR2025,QLD,MMM,,<11
31MAR2025,QLD,MMM1,"76,000.00",7257
31MAR2025,QLD,MMM2,"95,000.00",5062
31MAR2025,QLD,MMM3,"56,000.00",708
31MAR2025,QLD,MMM4,"75,000.00",960
31MAR2025,QLD,MMM5,"69,000.00",1423
31MAR2025,QLD,MMM6 & 7,"84,000.00",1195
31MAR2025,SA,ALL,"90,000.00",4121
31MAR2025,SA,MMM1,"98,000.00",2704
31MAR2025,SA,MMM2,"74,000.00",57
31MAR2025,SA,MMM3,"71,000.00",426
31MAR2025,SA,MMM4,"84,000.00",280
31MAR2025,SA,MMM5,"64,000.00",367
31MAR2025,SA,MMM6 & 7,"81,000.00",287
31MAR2025,TAS,ALL,"74,000.00",1604
31MAR2025,TAS,MMM2,"75,000.00",951
31MAR2025,TAS,MMM3,"88,000.00",367
31MAR2025,TAS,MMM4,,<11
31MAR2025,TAS,MMM5,"55,000.00",248
31MAR2025,TAS,MMM6 & 7,"69,000.00",28
31MAR2025,VIC,ALL,"69,000.00",7015
31MAR2025,VIC,MMM,,<11
31MAR2025,VIC,MMM1,"75,000.00",3738
31MAR2025,VIC,MMM2,"63,000.00",1000
31MAR2025,VIC,MMM3,"66,000.00",1081
31MAR2025,VIC,MMM4,"58,000.00",634
31MAR2025,VIC,MMM5,"52,000.00",557
31MAR2025,VIC,MMM6 & 7,,<11
31MAR2025,WA,ALL,"117,000.00",5147
31MAR2025,WA,MMM,,<11
31MAR2025,WA,MMM1,"118,000.00",2631
31MAR2025,WA,MMM2,"111,000.00",268
31MAR2025,WA,MMM3,"116,000.00",539
31MAR2025,WA,MMM4,"57,000.00",54
31MAR2025,WA,MMM5,"69,000.00",198
31MAR2025,WA,MMM6 & 7,"125,000.00",1456
31DEC2024,ACT,ALL,"70,000.00",536
31DEC2024,ACT,MMM1,"70,000.00",536
31DEC2024,ALL,ALL,"84,000.00",55675
31DEC2024,ALL,MMM,,<11
31DEC2024,ALL,MMM1,"81,000.00",25540
31DEC2024,ALL,MMM2,"99,000.00",8634
31DEC2024,ALL,MMM3,"73,000.00",7419
31DEC2024,ALL,MMM4,"65,000.00",3898
31DEC2024,ALL,MMM5,"61,000.00",4835
31DEC2024,ALL,MMM6 & 7,"121,000.00",5339
31DEC2024,MIS,ALL,,<11
31DEC2024,MIS,MMM,,<11
31DEC2024,NSW,ALL,"70,000.00",18880
31DEC2024,NSW,MMM,,<11
31DEC2024,NSW,MMM1,"74,000.00",9441
31DEC2024,NSW,MMM2,"57,000.00",514
31DEC2024,NSW,MMM3,"72,000.00",4406
31DEC2024,NSW,MMM4,"60,000.00",2045
31DEC2024,NSW,MMM5,"57,000.00",2098
31DEC2024,NSW,MMM6 & 7,"66,000.00",375
31DEC2024,NT,ALL,"168,000.00",3245
31DEC2024,NT,MMM,,<11
31DEC2024,NT,MMM2,"176,000.00",1158
31DEC2024,NT,MMM5,"86,000.00",24
31DEC2024,NT,MMM6 & 7,"164,000.00",2060
31DEC2024,OT,ALL,,<11
31DEC2024,OT,MMM5,,<11
31DEC2024,OT,MMM6 & 7,,<11
31DEC2024,QLD,ALL,"81,000.00",15873
31DEC2024,QLD,MMM1,"76,000.00",6863
31DEC2024,QLD,MMM2,"96,000.00",4858
31DEC2024,QLD,MMM3,"56,000.00",682
31DEC2024,QLD,MMM4,"74,000.00",913
31DEC2024,QLD,MMM5,"69,000.00",1391
31DEC2024,QLD,MMM6 & 7,"80,000.00",1166
31DEC2024,SA,ALL,"90,000.00",3953
31DEC2024,SA,MMM1,"97,000.00",2580
31DEC2024,SA,MMM2,"83,000.00",58
31DEC2024,SA,MMM3,"70,000.00",403
31DEC2024,SA,MMM4,"90,000.00",269
31DEC2024,SA,MMM5,"65,000.00",355
31DEC2024,SA,MMM6 & 7,"82,000.00",288
31DEC2024,TAS,ALL,"74,000.00",1527
31DEC2024,TAS,MMM2,"75,000.00",895
31DEC2024,TAS,MMM3,"87,000.00",356
31DEC2024,TAS,MMM4,,<11
31DEC2024,TAS,MMM5,"55,000.00",239
31DEC2024,TAS,MMM6 & 7,"70,000.00",27
31DEC2024,VIC,ALL,"69,000.00",6664
31DEC2024,VIC,MMM,,<11
31DEC2024,VIC,MMM1,"75,000.00",3559
31DEC2024,VIC,MMM2,"64,000.00",917
31DEC2024,VIC,MMM3,"67,000.00",1046
31DEC2024,VIC,MMM4,"59,000.00",606
31DEC2024,VIC,MMM5,"53,000.00",531
31DEC2024,VIC,MMM6 & 7,,<11
31DEC2024,WA,ALL,"114,000.00",4992
31DEC2024,WA,MMM1,"117,000.00",2561
31DEC2024,WA,MMM2,"116,000.00",234
31DEC2024,WA,MMM3,"115,000.00",526
31DEC2024,WA,MMM4,"62,000.00",55
31DEC2024,WA,MMM5,"68,000.00",196
31DEC2024,WA,MMM6 & 7,"116,000.00",1420
30SEP2024,ACT,ALL,"70,000.00",521
30SEP2024,ACT,MMM1,"70,000.00",521
30SEP2024,ALL,ALL,"82,000.00",54407
30SEP2024,ALL,MMM,,<11
30SEP2024,ALL,MMM1,"80,000.00",24935
30SEP2024,ALL,MMM2,"98,000.00",8466
30SEP2024,ALL,MMM3,"72,000.00",7245
30SEP2024,ALL,MMM4,"64,000.00",3826
30SEP2024,ALL,MMM5,"59,000.00",4719
30SEP2024,ALL,MMM6 & 7,"118,000.00",5206
30SEP2024,MIS,ALL,,<11
30SEP2024,MIS,MMM,,<11
30SEP2024,NSW,ALL,"68,000.00",18430
30SEP2024,NSW,MMM,,<11
30SEP2024,NSW,MMM1,"73,000.00",9210
30SEP2024,NSW,MMM2,"56,000.00",502
30SEP2024,NSW,MMM3,"71,000.00",4299
30SEP2024,NSW,MMM4,"59,000.00",2008
30SEP2024,NSW,MMM5,"54,000.00",2040
30SEP2024,NSW,MMM6 & 7,"63,000.00",370
30SEP2024,NT,ALL,"166,000.00",3180
30SEP2024,NT,MMM,,<11
30SEP2024,NT,MMM2,"172,000.00",1154
30SEP2024,NT,MMM5,"85,000.00",23
30SEP2024,NT,MMM6 & 7,"163,000.00",2001
30SEP2024,OT,ALL,,<11
30SEP2024,OT,MMM5,,<11
30SEP2024,OT,MMM6 & 7,,<11
30SEP2024,QLD,ALL,"79,000.00",15530
30SEP2024,QLD,MMM1,"75,000.00",6702
30SEP2024,QLD,MMM2,"95,000.00",4761
30SEP2024,QLD,MMM3,"55,000.00",660
30SEP2024,QLD,MMM4,"71,000.00",899
30SEP2024,QLD,MMM5,"67,000.00",1368
30SEP2024,QLD,MMM6 & 7,"79,000.00",1140
30SEP2024,SA,ALL,"87,000.00",3887
30SEP2024,SA,MMM1,"96,000.00",2536
30SEP2024,SA,MMM2,"52,000.00",55
30SEP2024,SA,MMM3,"67,000.00",402
30SEP2024,SA,MMM4,"88,000.00",264
30SEP2024,SA,MMM5,"60,000.00",346
30SEP2024,SA,MMM6 & 7,"76,000.00",284
30SEP2024,TAS,ALL,"73,000.00",1484
30SEP2024,TAS,MMM,,<11
30SEP2024,TAS,MMM2,"75,000.00",867
30SEP2024,TAS,MMM3,"84,000.00",347
30SEP2024,TAS,MMM4,,<11
30SEP2024,TAS,MMM5,"53,000.00",236
30SEP2024,TAS,MMM6 & 7,"72,000.00",24
30SEP2024,VIC,ALL,"68,000.00",6500
30SEP2024,VIC,MMM,,<11
30SEP2024,VIC,MMM1,"75,000.00",3467
30SEP2024,VIC,MMM2,"62,000.00",903
30SEP2024,VIC,MMM3,"65,000.00",1021
30SEP2024,VIC,MMM4,"59,000.00",591
30SEP2024,VIC,MMM5,"51,000.00",514
30SEP2024,VIC,MMM6 & 7,,<11
30SEP2024,WA,ALL,"110,000.00",4870
30SEP2024,WA,MMM,,<11
30SEP2024,WA,MMM1,"116,000.00",2499
30SEP2024,WA,MMM2,"108,000.00",224
30SEP2024,WA,MMM3,"109,000.00",516
30SEP2024,WA,MMM4,"53,000.00",55
30SEP2024,WA,MMM5,"69,000.00",191
30SEP2024,WA,MMM6 & 7,"109,000.00",1384
30JUN2024,ACT,ALL,"70,000.00",502
30JUN2024,ACT,MMM1,"70,000.00",501
30JUN2024,ACT,MMM2,,<11
30JUN2024,ALL,ALL,"81,000.00",52449
30JUN2024,ALL,MMM,,<11
30JUN2024,ALL,MMM1,"78,000.00",23877
30JUN2024,ALL,MMM2,"95,000.00",8238
30JUN2024,ALL,MMM3,"71,000.00",7002
30JUN2024,ALL,MMM4,"63,000.00",3709
30JUN2024,ALL,MMM5,"58,000.00",4586
30JUN2024,ALL,MMM6 & 7,"115,000.00",5030
30JUN2024,MIS,ALL,,<11
30JUN2024,MIS,MMM,,<11
30JUN2024,NSW,ALL,"67,000.00",17753
30JUN2024,NSW,MMM,,<11
30JUN2024,NSW,MMM1,"71,000.00",8811
30JUN2024,NSW,MMM2,"54,000.00",500
30JUN2024,NSW,MMM3,"71,000.00",4155
30JUN2024,NSW,MMM4,"58,000.00",1941
30JUN2024,NSW,MMM5,"53,000.00",1973
30JUN2024,NSW,MMM6 & 7,"61,000.00",372
30JUN2024,NT,ALL,"163,000.00",3083
30JUN2024,NT,MMM,,<11
30JUN2024,NT,MMM2,"168,000.00",1132
30JUN2024,NT,MMM5,"82,000.00",24
30JUN2024,NT,MMM6 & 7,"161,000.00",1926
30JUN2024,OT,ALL,,<11
30JUN2024,OT,MMM5,,<11
30JUN2024,OT,MMM6 & 7,,<11
30JUN2024,QLD,ALL,"77,000.00",15020
30JUN2024,QLD,MMM1,"73,000.00",6416
30JUN2024,QLD,MMM2,"93,000.00",4635
30JUN2024,QLD,MMM3,"54,000.00",633
30JUN2024,QLD,MMM4,"70,000.00",884
30JUN2024,QLD,MMM5,"66,000.00",1336
30JUN2024,QLD,MMM6 & 7,"75,000.00",1116
30JUN2024,SA,ALL,"86,000.00",3762
30JUN2024,SA,MMM1,"93,000.00",2465
30JUN2024,SA,MMM2,"52,000.00",52
30JUN2024,SA,MMM3,"68,000.00",377
30JUN2024,SA,MMM4,"90,000.00",256
30JUN2024,SA,MMM5,"63,000.00",336
30JUN2024,SA,MMM6 & 7,"76,000.00",276
30JUN2024,TAS,ALL,"72,000.00",1430
30JUN2024,TAS,MMM,,<11
30JUN2024,TAS,MMM2,"74,000.00",831
30JUN2024,TAS,MMM3,"84,000.00",331
30JUN2024,TAS,MMM4,,<11
30JUN2024,TAS,MMM5,"53,000.00",234
30JUN2024,TAS,MMM6 & 7,"67,000.00",25
30JUN2024,VIC,ALL,"66,000.00",6218
30JUN2024,VIC,MMM,,<11
30JUN2024,VIC,MMM1,"74,000.00",3297
30JUN2024,VIC,MMM2,"59,000.00",859
30JUN2024,VIC,MMM3,"61,000.00",995
30JUN2024,VIC,MMM4,"60,000.00",569
30JUN2024,VIC,MMM5,"47,000.00",495
30JUN2024,VIC,MMM6 & 7,,<11
30JUN2024,WA,ALL,"107,000.00",4677
30JUN2024,WA,MMM,,<11
30JUN2024,WA,MMM1,"114,000.00",2387
30JUN2024,WA,MMM2,"103,000.00",228
30JUN2024,WA,MMM3,"105,000.00",511
30JUN2024,WA,MMM4,"57,000.00",51
30JUN2024,WA,MMM5,"64,000.00",187
30JUN2024,WA,MMM6 & 7,"104,000.00",1312
31MAR2024,ACT,ALL,"70,000.00",486
31MAR2024,ACT,MM1,"70,000.00",485
31MAR2024,ACT,MM2,,<11
31MAR2024,ALL,ALL,"80,000.00",51176
31MAR2024,ALL,MM,"58,000.00",11
31MAR2024,ALL,MM1,"77,000.00",23250
31MAR2024,ALL,MM2,"95,000.00",8054
31MAR2024,ALL,MM3,"68,000.00",6362
31MAR2024,ALL,MM4,"61,000.00",3452
31MAR2024,ALL,MM5,"56,000.00",4398
31MAR2024,ALL,MM6 & 7,"112,000.00",5649
31MAR2024,MIS,ALL,,<11
31MAR2024,MIS,MM,,<11
31MAR2024,MIS,MM1,,<11
31MAR2024,MIS,MM6 & 7,,<11
31MAR2024,NSW,ALL,"66,000.00",17286
31MAR2024,NSW,MM,,<11
31MAR2024,NSW,MM1,"71,000.00",8553
31MAR2024,NSW,MM2,"56,000.00",490
31MAR2024,NSW,MM3,"70,000.00",3941
31MAR2024,NSW,MM4,"57,000.00",1881
31MAR2024,NSW,MM5,"52,000.00",1905
31MAR2024,NSW,MM6 & 7,"64,000.00",515
31MAR2024,NT,ALL,"164,000.00",3032
31MAR2024,NT,MM,,<11
31MAR2024,NT,MM1,,<11
31MAR2024,NT,MM2,"170,000.00",1113
31MAR2024,NT,MM3,,<11
31MAR2024,NT,MM5,"37,000.00",22
31MAR2024,NT,MM6 & 7,"163,000.00",1892
31MAR2024,OT,ALL,,<11
31MAR2024,OT,MM6 & 7,,<11
31MAR2024,QLD,ALL,"76,000.00",14685
31MAR2024,QLD,MM,,<11
31MAR2024,QLD,MM1,"71,000.00",6270
31MAR2024,QLD,MM2,"92,000.00",4552
31MAR2024,QLD,MM3,"53,000.00",620
31MAR2024,QLD,MM4,"64,000.00",710
31MAR2024,QLD,MM5,"65,000.00",1279
31MAR2024,QLD,MM6 & 7,"75,000.00",1253
31MAR2024,SA,ALL,"85,000.00",3673
31MAR2024,SA,MM,,<11
31MAR2024,SA,MM1,"92,000.00",2407
31MAR2024,SA,MM2,"53,000.00",49
31MAR2024,SA,MM3,"71,000.00",368
31MAR2024,SA,MM4,"88,000.00",253
31MAR2024,SA,MM5,"57,000.00",326
31MAR2024,SA,MM6 & 7,"73,000.00",269
31MAR2024,TAS,ALL,"72,000.00",1397
31MAR2024,TAS,MM2,"73,000.00",800
31MAR2024,TAS,MM3,"84,000.00",321
31MAR2024,TAS,MM4,,<11
31MAR2024,TAS,MM5,"54,000.00",241
31MAR2024,TAS,MM6 & 7,"62,000.00",27
31MAR2024,VIC,ALL,"65,000.00",6036
31MAR2024,VIC,MM,,<11
31MAR2024,VIC,MM1,"72,000.00",3202
31MAR2024,VIC,MM2,"57,000.00",823
31MAR2024,VIC,MM3,"60,000.00",978
31MAR2024,VIC,MM4,"60,000.00",553
31MAR2024,VIC,MM5,"49,000.00",477
31MAR2024,VIC,MM6 & 7,,<11
31MAR2024,WA,ALL,"105,000.00",4572
31MAR2024,WA,MM1,"112,000.00",2330
31MAR2024,WA,MM2,"101,000.00",226
31MAR2024,WA,MM3,"91,000.00",133
31MAR2024,WA,MM4,"57,000.00",47
31MAR2024,WA,MM5,"60,000.00",148
31MAR2024,WA,MM6 & 7,"103,000.00",1688
31DEC2023,ACT,ALL,"69,000.00",489
31DEC2023,ACT,MM1,"69,000.00",488
31DEC2023,ACT,MM2,,<11
31DEC2023,ALL,ALL,"79,000.00",50630
31DEC2023,ALL,MM,"53,000.00",11
31DEC2023,ALL,MM1,"76,000.00",22941
31DEC2023,ALL,MM2,"93,000.00",8002
31DEC2023,ALL,MM3,"69,000.00",6762
31DEC2023,ALL,MM4,"62,000.00",3619
31DEC2023,ALL,MM5,"55,000.00",4464
31DEC2023,ALL,MM6 & 7,"113,000.00",4831
31DEC2023,MIS,ALL,,<11
31DEC2023,MIS,MM,,<11
31DEC2023,NSW,ALL,"66,000.00",17133
31DEC2023,NSW,MM,,<11
31DEC2023,NSW,MM1,"69,000.00",8435
31DEC2023,NSW,MM2,"63,000.00",488
31DEC2023,NSW,MM3,"69,000.00",4020
31DEC2023,NSW,MM4,"57,000.00",1890
31DEC2023,NSW,MM5,"50,000.00",1943
31DEC2023,NSW,MM6 & 7,"65,000.00",356
31DEC2023,NT,ALL,"160,000.00",3021
31DEC2023,NT,MM,,<11
31DEC2023,NT,MM2,"162,000.00",1119
31DEC2023,NT,MM5,"37,000.00",22
31DEC2023,NT,MM6 & 7,"160,000.00",1879
31DEC2023,OT,ALL,,<11
31DEC2023,OT,MM6 & 7,,<11
31DEC2023,QLD,ALL,"75,000.00",14488
31DEC2023,QLD,MM,,<11
31DEC2023,QLD,MM1,"71,000.00",6158
31DEC2023,QLD,MM2,"89,000.00",4523
31DEC2023,QLD,MM3,"54,000.00",614
31DEC2023,QLD,MM4,"67,000.00",870
31DEC2023,QLD,MM5,"63,000.00",1286
31DEC2023,QLD,MM6 & 7,"71,000.00",1036
31DEC2023,SA,ALL,"84,000.00",3621
31DEC2023,SA,MM1,"91,000.00",2380
31DEC2023,SA,MM2,"70,000.00",47
31DEC2023,SA,MM3,"69,000.00",362
31DEC2023,SA,MM4,"90,000.00",258
31DEC2023,SA,MM5,"58,000.00",318
31DEC2023,SA,MM6 & 7,"74,000.00",256
31DEC2023,TAS,ALL,"71,000.00",1384
31DEC2023,TAS,MM2,"71,000.00",797
31DEC2023,TAS,MM3,"85,000.00",321
31DEC2023,TAS,MM4,,<11
31DEC2023,TAS,MM5,"56,000.00",234
31DEC2023,TAS,MM6 & 7,"53,000.00",25
31DEC2023,VIC,ALL,"64,000.00",5984
31DEC2023,VIC,MM,,<11
31DEC2023,VIC,MM1,"71,000.00",3174
31DEC2023,VIC,MM2,"55,000.00",814
31DEC2023,VIC,MM3,"59,000.00",967
31DEC2023,VIC,MM4,"61,000.00",548
31DEC2023,VIC,MM5,"46,000.00",478
31DEC2023,VIC,MM6 & 7,,<11
31DEC2023,WA,ALL,"104,000.00",4502
31DEC2023,WA,MM1,"111,000.00",2306
31DEC2023,WA,MM2,"97,000.00",213
31DEC2023,WA,MM3,"101,000.00",478
31DEC2023,WA,MM4,"45,000.00",46
31DEC2023,WA,MM5,"57,000.00",183
31DEC2023,WA,MM6 & 7,"101,000.00",1276
30SEP2023,ACT,ALL,"68,000.00",474
30SEP2023,ACT,MM1,"68,000.00",473
30SEP2023,ACT,MM2,,<11
30SEP2023,ALL,ALL,"78,000.00",48966
30SEP2023,ALL,MM,,<11
30SEP2023,ALL,MM1,"76,000.00",22049
30SEP2023,ALL,MM2,"91,000.00",7778
30SEP2023,ALL,MM3,"69,000.00",6579
30SEP2023,ALL,MM4,"60,000.00",3497
30SEP2023,ALL,MM5,"54,000.00",4346
30SEP2023,ALL,MM6 & 7,"111,000.00",4710
30SEP2023,NSW,ALL,"65,000.00",16559
30SEP2023,NSW,MM,,<11
30SEP2023,NSW,MM1,"69,000.00",8133
30SEP2023,NSW,MM2,"63,000.00",461
30SEP2023,NSW,MM3,"69,000.00",3910
30SEP2023,NSW,MM4,"55,000.00",1828
30SEP2023,NSW,MM5,"50,000.00",1880
30SEP2023,NSW,MM6 & 7,"62,000.00",345
30SEP2023,NT,ALL,"157,000.00",2950
30SEP2023,NT,MM,,<11
30SEP2023,NT,MM2,"159,000.00",1091
30SEP2023,NT,MM5,"35,000.00",23
30SEP2023,NT,MM6 & 7,"158,000.00",1834
30SEP2023,OT,ALL,,<11
30SEP2023,OT,MM6 & 7,,<11
30SEP2023,QLD,ALL,"74,000.00",13977
30SEP2023,QLD,MM,,<11
30SEP2023,QLD,MM1,"70,000.00",5843
30SEP2023,QLD,MM2,"88,000.00",4415
30SEP2023,QLD,MM3,"52,000.00",604
30SEP2023,QLD,MM4,"66,000.00",844
30SEP2023,QLD,MM5,"64,000.00",1254
30SEP2023,QLD,MM6 & 7,"70,000.00",1016
30SEP2023,SA,ALL,"83,000.00",3518
30SEP2023,SA,MM1,"91,000.00",2306
30SEP2023,SA,MM2,"71,000.00",43
30SEP2023,SA,MM3,"67,000.00",348
30SEP2023,SA,MM4,"84,000.00",242
30SEP2023,SA,MM5,"56,000.00",311
30SEP2023,SA,MM6 & 7,"70,000.00",268
30SEP2023,TAS,ALL,"70,000.00",1354
30SEP2023,TAS,MM2,"70,000.00",779
30SEP2023,TAS,MM3,"84,000.00",311
30SEP2023,TAS,MM4,,<11
30SEP2023,TAS,MM5,"54,000.00",233
30SEP2023,TAS,MM6 & 7,"53,000.00",24
30SEP2023,VIC,ALL,"63,000.00",5772
30SEP2023,VIC,MM,,<11
30SEP2023,VIC,MM1,"70,000.00",3048
30SEP2023,VIC,MM2,"54,000.00",792
30SEP2023,VIC,MM3,"59,000.00",936
30SEP2023,VIC,MM4,"59,000.00",531
30SEP2023,VIC,MM5,"47,000.00",462
30SEP2023,VIC,MM6 & 7,,<11
30SEP2023,WA,ALL,"101,000.00",4361
30SEP2023,WA,MM,,<11
30SEP2023,WA,MM1,"110,000.00",2246
30SEP2023,WA,MM2,"81,000.00",196
30SEP2023,WA,MM3,"101,000.00",470
30SEP2023,WA,MM4,"45,000.00",45
30SEP2023,WA,MM5,"57,000.00",183
30SEP2023,WA,MM6 & 7,"98,000.00",1220
30JUN2023,ACT,ALL,"64,000.00",462
30JUN2023,ACT,MM1,"64,000.00",461
30JUN2023,ACT,MM2,,<11
30JUN2023,ALL,ALL,"75,000.00",46694
30JUN2023,ALL,MM,,<11
30JUN2023,ALL,MM1,"74,000.00",20868
30JUN2023,ALL,MM2,"89,000.00",7452
30JUN2023,ALL,MM3,"66,000.00",6299
30JUN2023,ALL,MM4,"59,000.00",3342
30JUN2023,ALL,MM5,"52,000.00",4123
30JUN2023,ALL,MM6 & 7,"106,000.00",4603
30JUN2023,NSW,ALL,"64,000.00",15741
30JUN2023,NSW,MM,,<11
30JUN2023,NSW,MM1,"68,000.00",7712
30JUN2023,NSW,MM2,"64,000.00",439
30JUN2023,NSW,MM3,"67,000.00",3746
30JUN2023,NSW,MM4,"54,000.00",1732
30JUN2023,NSW,MM5,"48,000.00",1773
30JUN2023,NSW,MM6 & 7,"58,000.00",337
30JUN2023,NT,ALL,"152,000.00",2854
30JUN2023,NT,MM,,<11
30JUN2023,NT,MM2,"155,000.00",1040
30JUN2023,NT,MM5,"33,000.00",23
30JUN2023,NT,MM6 & 7,"152,000.00",1790
30JUN2023,OT,ALL,,<11
30JUN2023,OT,MM6 & 7,,<11
30JUN2023,QLD,ALL,"72,000.00",13303
30JUN2023,QLD,MM,,<11
30JUN2023,QLD,MM1,"69,000.00",5458
30JUN2023,QLD,MM2,"85,000.00",4274
30JUN2023,QLD,MM3,"52,000.00",576
30JUN2023,QLD,MM4,"66,000.00",811
30JUN2023,QLD,MM5,"61,000.00",1190
30JUN2023,QLD,MM6 & 7,"69,000.00",992
30JUN2023,SA,ALL,"80,000.00",3360
30JUN2023,SA,MM1,"89,000.00",2176
30JUN2023,SA,MM2,"68,000.00",44
30JUN2023,SA,MM3,"64,000.00",336
30JUN2023,SA,MM4,"77,000.00",233
30JUN2023,SA,MM5,"51,000.00",301
30JUN2023,SA,MM6 & 7,"67,000.00",270
30JUN2023,TAS,ALL,"68,000.00",1282
30JUN2023,TAS,MM2,"69,000.00",726
30JUN2023,TAS,MM3,"79,000.00",306
30JUN2023,TAS,MM4,,<11
30JUN2023,TAS,MM5,"53,000.00",221
30JUN2023,TAS,MM6 & 7,"51,000.00",22
30JUN2023,VIC,ALL,"61,000.00",5506
30JUN2023,VIC,MM,,<11
30JUN2023,VIC,MM1,"68,000.00",2908
30JUN2023,VIC,MM2,"54,000.00",741
30JUN2023,VIC,MM3,"58,000.00",890
30JUN2023,VIC,MM4,"56,000.00",521
30JUN2023,VIC,MM5,"45,000.00",441
30JUN2023,VIC,MM6 & 7,,<11
30JUN2023,WA,ALL,"96,000.00",4185
30JUN2023,WA,MM,,<11
30JUN2023,WA,MM1,"105,000.00",2153
30JUN2023,WA,MM2,"82,000.00",187
30JUN2023,WA,MM3,"91,000.00",445
30JUN2023,WA,MM4,"45,000.00",38
30JUN2023,WA,MM5,"55,000.00",174
30JUN2023,WA,MM6 & 7,"93,000.00",1187
31MAR2023,ACT,ALL,"63,000.00",455
31MAR2023,ACT,MM1,"63,000.00",454
31MAR2023,ACT,MM2,,<11
31MAR2023,ALL,ALL,"75,000.00",44689
31MAR2023,ALL,MM,,<11
31MAR2023,ALL,MM1,"73,000.00",19887
31MAR2023,ALL,MM2,"88,000.00",7162
31MAR2023,ALL,MM3,"66,000.00",5978
31MAR2023,ALL,MM4,"58,000.00",3231
31MAR2023,ALL,MM5,"53,000.00",3961
31MAR2023,ALL,MM6 & 7,"105,000.00",4465
31MAR2023,MIS,ALL,,<11
31MAR2023,MIS,MM,,<11
31MAR2023,NSW,ALL,"63,000.00",15016
31MAR2023,NSW,MM1,"68,000.00",7349
31MAR2023,NSW,MM2,"63,000.00",423
31MAR2023,NSW,MM3,"67,000.00",3560
31MAR2023,NSW,MM4,"53,000.00",1667
31MAR2023,NSW,MM5,"49,000.00",1697
31MAR2023,NSW,MM6 & 7,"56,000.00",320
31MAR2023,NT,ALL,"150,000.00",2789
31MAR2023,NT,MM,,<11
31MAR2023,NT,MM2,"154,000.00",1012
31MAR2023,NT,MM5,"33,000.00",21
31MAR2023,NT,MM6 & 7,"148,000.00",1755
31MAR2023,OT,ALL,,<11
31MAR2023,OT,MM6 & 7,,<11
31MAR2023,QLD,ALL,"72,000.00",12705
31MAR2023,QLD,MM1,"67,000.00",5176
31MAR2023,QLD,MM2,"85,000.00",4099
31MAR2023,QLD,MM3,"51,000.00",543
31MAR2023,QLD,MM4,"67,000.00",787
31MAR2023,QLD,MM5,"60,000.00",1141
31MAR2023,QLD,MM6 & 7,"66,000.00",959
31MAR2023,SA,ALL,"79,000.00",3215
31MAR2023,SA,MM,,<11
31MAR2023,SA,MM1,"87,000.00",2085
31MAR2023,SA,MM2,"66,000.00",42
31MAR2023,SA,MM3,"59,000.00",298
31MAR2023,SA,MM4,"76,000.00",230
31MAR2023,SA,MM5,"51,000.00",295
31MAR2023,SA,MM6 & 7,"69,000.00",264
31MAR2023,TAS,ALL,"68,000.00",1248
31MAR2023,TAS,MM2,"68,000.00",705
31MAR2023,TAS,MM3,"80,000.00",298
31MAR2023,TAS,MM4,,<11
31MAR2023,TAS,MM5,"53,000.00",217
31MAR2023,TAS,MM6 & 7,"51,000.00",22
31MAR2023,VIC,ALL,"60,000.00",5242
31MAR2023,VIC,MM,,<11
31MAR2023,VIC,MM1,"66,000.00",2757
31MAR2023,VIC,MM2,"52,000.00",700
31MAR2023,VIC,MM3,"58,000.00",855
31MAR2023,VIC,MM4,"56,000.00",505
31MAR2023,VIC,MM5,"46,000.00",420
31MAR2023,VIC,MM6 & 7,,<11
31MAR2023,WA,ALL,"95,000.00",4017
31MAR2023,WA,MM,,<11
31MAR2023,WA,MM1,"102,000.00",2066
31MAR2023,WA,MM2,"79,000.00",180
31MAR2023,WA,MM3,"88,000.00",424
31MAR2023,WA,MM4,"47,000.00",36
31MAR2023,WA,MM5,"60,000.00",170
31MAR2023,WA,MM6 & 7,"95,000.00",1140
31DEC2022,ACT,ALL,"61,000.00",435
31DEC2022,ACT,MM1,"61,000.00",434
31DEC2022,ACT,MM2,,<11
31DEC2022,ALL,ALL,"74,000.00",42679
31DEC2022,ALL,MM,,<11
31DEC2022,ALL,MM1,"72,000.00",18871
31DEC2022,ALL,MM2,"88,000.00",6838
31DEC2022,ALL,MM3,"65,000.00",5686
31DEC2022,ALL,MM4,"57,000.00",3144
31DEC2022,ALL,MM5,"52,000.00",3782
31DEC2022,ALL,MM6 & 7,"105,000.00",4350
31DEC2022,MIS,ALL,,<11
31DEC2022,MIS,MM,,<11
31DEC2022,NSW,ALL,"63,000.00",14326
31DEC2022,NSW,MM,,<11
31DEC2022,NSW,MM1,"67,000.00",7001
31DEC2022,NSW,MM2,"64,000.00",387
31DEC2022,NSW,MM3,"66,000.00",3372
31DEC2022,NSW,MM4,"51,000.00",1621
31DEC2022,NSW,MM5,"48,000.00",1619
31DEC2022,NSW,MM6 & 7,"53,000.00",324
31DEC2022,NT,ALL,"152,000.00",2713
31DEC2022,NT,MM,,<11
31DEC2022,NT,MM2,"155,000.00",965
31DEC2022,NT,MM5,"36,000.00",19
31DEC2022,NT,MM6 & 7,"151,000.00",1726
31DEC2022,OT,ALL,,<11
31DEC2022,OT,MM6 & 7,,<11
31DEC2022,QLD,ALL,"71,000.00",12073
31DEC2022,QLD,MM1,"67,000.00",4862
31DEC2022,QLD,MM2,"85,000.00",3909
31DEC2022,QLD,MM3,"50,000.00",506
31DEC2022,QLD,MM4,"65,000.00",784
31DEC2022,QLD,MM5,"60,000.00",1079
31DEC2022,QLD,MM6 & 7,"64,000.00",933
31DEC2022,SA,ALL,"78,000.00",3065
31DEC2022,SA,MM1,"86,000.00",1991
31DEC2022,SA,MM2,"78,000.00",42
31DEC2022,SA,MM3,"58,000.00",281
31DEC2022,SA,MM4,"71,000.00",213
31DEC2022,SA,MM5,"49,000.00",283
31DEC2022,SA,MM6 & 7,"74,000.00",255
31DEC2022,TAS,ALL,"67,000.00",1218
31DEC2022,TAS,MM2,"67,000.00",689
31DEC2022,TAS,MM3,"79,000.00",292
31DEC2022,TAS,MM4,,<11
31DEC2022,TAS,MM5,"53,000.00",211
31DEC2022,TAS,MM6 & 7,"52,000.00",21
31DEC2022,VIC,ALL,"59,000.00",4997
31DEC2022,VIC,MM1,"65,000.00",2604
31DEC2022,VIC,MM2,"51,000.00",676
31DEC2022,VIC,MM3,"57,000.00",826
31DEC2022,VIC,MM4,"56,000.00",486
31DEC2022,VIC,MM5,"47,000.00",401
31DEC2022,VIC,MM6 & 7,,<11
31DEC2022,WA,ALL,"92,000.00",3850
31DEC2022,WA,MM,,<11
31DEC2022,WA,MM1,"98,000.00",1979
31DEC2022,WA,MM2,"74,000.00",169
31DEC2022,WA,MM3,"84,000.00",409
31DEC2022,WA,MM4,"48,000.00",35
31DEC2022,WA,MM5,"59,000.00",170
31DEC2022,WA,MM6 & 7,"93,000.00",1086
30SEP2022,ACT,ALL,"60,000.00",426
30SEP2022,ACT,MM1,"60,000.00",420
30SEP2022,ACT,MM2,,<11
30SEP2022,ALL,ALL,"72,000.00",40842
30SEP2022,ALL,MM,,<11
30SEP2022,ALL,MM1,"70,000.00",18013
30SEP2022,ALL,MM2,"86,000.00",6521
30SEP2022,ALL,MM3,"64,000.00",5455
30SEP2022,ALL,MM4,"56,000.00",3007
30SEP2022,ALL,MM5,"51,000.00",3606
30SEP2022,ALL,MM6 & 7,"101,000.00",4231
30SEP2022,NSW,ALL,"62,000.00",13657
30SEP2022,NSW,MM,,<11
30SEP2022,NSW,MM1,"66,000.00",6659
30SEP2022,NSW,MM2,"65,000.00",382
30SEP2022,NSW,MM3,"65,000.00",3226
30SEP2022,NSW,MM4,"51,000.00",1549
30SEP2022,NSW,MM5,"48,000.00",1548
30SEP2022,NSW,MM6 & 7,"52,000.00",306
30SEP2022,NT,ALL,"144,000.00",2611
30SEP2022,NT,MM,,<11
30SEP2022,NT,MM2,"149,000.00",910
30SEP2022,NT,MM5,"36,000.00",16
30SEP2022,NT,MM6 & 7,"143,000.00",1684
30SEP2022,OT,ALL,,<11
30SEP2022,OT,MM6 & 7,,<11
30SEP2022,QLD,ALL,"70,000.00",11562
30SEP2022,QLD,MM1,"67,000.00",4655
30SEP2022,QLD,MM2,"83,000.00",3748
30SEP2022,QLD,MM3,"53,000.00",488
30SEP2022,QLD,MM4,"64,000.00",763
30SEP2022,QLD,MM5,"59,000.00",1027
30SEP2022,QLD,MM6 & 7,"62,000.00",900
30SEP2022,SA,ALL,"76,000.00",2922
30SEP2022,SA,MM1,"82,000.00",1900
30SEP2022,SA,MM2,"81,000.00",43
30SEP2022,SA,MM3,"61,000.00",260
30SEP2022,SA,MM4,"68,000.00",208
30SEP2022,SA,MM5,"48,000.00",268
30SEP2022,SA,MM6 & 7,"78,000.00",237
30SEP2022,TAS,ALL,"65,000.00",1175
30SEP2022,TAS,MM2,"65,000.00",656
30SEP2022,TAS,MM3,"76,000.00",288
30SEP2022,TAS,MM4,,<11
30SEP2022,TAS,MM5,"49,000.00",202
30SEP2022,TAS,MM6 & 7,"50,000.00",19
30SEP2022,VIC,ALL,"58,000.00",4741
30SEP2022,VIC,MM1,"63,000.00",2469
30SEP2022,VIC,MM2,"52,000.00",627
30SEP2022,VIC,MM3,"55,000.00",796
30SEP2022,VIC,MM4,"54,000.00",457
30SEP2022,VIC,MM5,"46,000.00",383
30SEP2022,VIC,MM6 & 7,,<11
30SEP2022,WA,ALL,"88,000.00",3747
30SEP2022,WA,MM,,<11
30SEP2022,WA,MM1,"94,000.00",1900
30SEP2022,WA,MM2,"72,000.00",175
30SEP2022,WA,MM3,"77,000.00",393
30SEP2022,WA,MM4,"48,000.00",32
30SEP2022,WA,MM5,"52,000.00",163
30SEP2022,WA,MM6 & 7,"88,000.00",1083
30JUN2022,ACT,ALL,"57,000.00",421
30JUN2022,ACT,MM1,"57,000.00",415
30JUN2022,ACT,MM2,,<11
30JUN2022,ALL,ALL,"68,000.00",38846
30JUN2022,ALL,MM,,<11
30JUN2022,ALL,MM1,"66,000.00",17137
30JUN2022,ALL,MM2,"81,000.00",6179
30JUN2022,ALL,MM3,"61,000.00",5166
30JUN2022,ALL,MM4,"53,000.00",2895
30JUN2022,ALL,MM5,"49,000.00",3429
30JUN2022,ALL,MM6 & 7,"95,000.00",4034
30JUN2022,NSW,ALL,"59,000.00",12940
30JUN2022,NSW,MM,,<11
30JUN2022,NSW,MM1,"63,000.00",6316
30JUN2022,NSW,MM2,"56,000.00",355
30JUN2022,NSW,MM3,"63,000.00",3063
30JUN2022,NSW,MM4,"48,000.00",1489
30JUN2022,NSW,MM5,"46,000.00",1458
30JUN2022,NSW,MM6 & 7,"51,000.00",272
30JUN2022,NT,ALL,"137,000.00",2503
30JUN2022,NT,MM,,<11
30JUN2022,NT,MM2,"141,000.00",872
30JUN2022,NT,MM5,"51,000.00",15
30JUN2022,NT,MM6 & 7,"135,000.00",1618
30JUN2022,OT,ALL,,<11
30JUN2022,OT,MM6 & 7,,<11
30JUN2022,QLD,ALL,"66,000.00",10909
30JUN2022,QLD,MM1,"63,000.00",4377
30JUN2022,QLD,MM2,"78,000.00",3549
30JUN2022,QLD,MM3,"51,000.00",440
30JUN2022,QLD,MM4,"60,000.00",729
30JUN2022,QLD,MM5,"57,000.00",986
30JUN2022,QLD,MM6 & 7,"58,000.00",847
30JUN2022,SA,ALL,"71,000.00",2815
30JUN2022,SA,MM1,"77,000.00",1828
30JUN2022,SA,MM2,"84,000.00",40
30JUN2022,SA,MM3,"55,000.00",247
30JUN2022,SA,MM4,"67,000.00",200
30JUN2022,SA,MM5,"42,000.00",263
30JUN2022,SA,MM6 & 7,"75,000.00",231
30JUN2022,TAS,ALL,"62,000.00",1128
30JUN2022,TAS,MM2,"63,000.00",622
30JUN2022,TAS,MM3,"71,000.00",287
30JUN2022,TAS,MM4,,<11
30JUN2022,TAS,MM5,"46,000.00",192
30JUN2022,TAS,MM6 & 7,"52,000.00",17
30JUN2022,VIC,ALL,"54,000.00",4518
30JUN2022,VIC,MM1,"59,000.00",2364
30JUN2022,VIC,MM2,"49,000.00",596
30JUN2022,VIC,MM3,"52,000.00",747
30JUN2022,VIC,MM4,"49,000.00",444
30JUN2022,VIC,MM5,"43,000.00",359
30JUN2022,VIC,MM6 & 7,,<11
30JUN2022,WA,ALL,"81,000.00",3611
30JUN2022,WA,MM,,<11
30JUN2022,WA,MM1,"88,000.00",1827
30JUN2022,WA,MM2,"67,000.00",165
30JUN2022,WA,MM3,"69,000.00",378
30JUN2022,WA,MM4,"47,000.00",35
30JUN2022,WA,MM5,"50,000.00",157
30JUN2022,WA,MM6 & 7,"81,000.00",1048
31MAR2022,ACT,ALL,"56,000.00",409
31MAR2022,ACT,MM1,"56,000.00",403
31MAR2022,ACT,MM2,,<11
31MAR2022,ALL,ALL,"68,000.00",37313
31MAR2022,ALL,MM,"63,000.00",13
31MAR2022,ALL,MM1,"65,000.00",16436
31MAR2022,ALL,MM2,"81,000.00",5912
31MAR2022,ALL,MM3,"60,000.00",4962
31MAR2022,ALL,MM4,"53,000.00",2775
31MAR2022,ALL,MM5,"48,000.00",3299
31MAR2022,ALL,MM6 & 7,"96,000.00",3916
31MAR2022,MIS,ALL,,<11
31MAR2022,MIS,MM1,,<11
31MAR2022,MIS,MM6 & 7,,<11
31MAR2022,NSW,ALL,"58,000.00",12486
31MAR2022,NSW,MM,,<11
31MAR2022,NSW,MM1,"61,000.00",6122
31MAR2022,NSW,MM2,"58,000.00",331
31MAR2022,NSW,MM3,"61,000.00",2950
31MAR2022,NSW,MM4,"49,000.00",1424
31MAR2022,NSW,MM5,"45,000.00",1411
31MAR2022,NSW,MM6 & 7,"52,000.00",261
31MAR2022,NT,ALL,"137,000.00",2386
31MAR2022,NT,MM2,"140,000.00",833
31MAR2022,NT,MM5,"41,000.00",13
31MAR2022,NT,MM6 & 7,"136,000.00",1542
31MAR2022,OT,ALL,,<11
31MAR2022,OT,MM5,,<11
31MAR2022,QLD,ALL,"66,000.00",10422
31MAR2022,QLD,MM,,<11
31MAR2022,QLD,MM1,"62,000.00",4155
31MAR2022,QLD,MM2,"78,000.00",3413
31MAR2022,QLD,MM3,"52,000.00",431
31MAR2022,QLD,MM4,"60,000.00",682
31MAR2022,QLD,MM5,"56,000.00",942
31MAR2022,QLD,MM6 & 7,"57,000.00",808
31MAR2022,SA,ALL,"71,000.00",2742
31MAR2022,SA,MM1,"76,000.00",1748
31MAR2022,SA,MM2,"95,000.00",30
31MAR2022,SA,MM3,"56,000.00",248
31MAR2022,SA,MM4,"68,000.00",191
31MAR2022,SA,MM5,"43,000.00",258
31MAR2022,SA,MM6 & 7,"80,000.00",267
31MAR2022,TAS,ALL,"60,000.00",1087
31MAR2022,TAS,MM2,"62,000.00",594
31MAR2022,TAS,MM3,"69,000.00",289
31MAR2022,TAS,MM4,,<11
31MAR2022,TAS,MM5,"46,000.00",174
31MAR2022,TAS,MM6 & 7,"49,000.00",19
31MAR2022,VIC,ALL,"54,000.00",4293
31MAR2022,VIC,MM1,"58,000.00",2242
31MAR2022,VIC,MM2,"47,000.00",556
31MAR2022,VIC,MM3,"53,000.00",705
31MAR2022,VIC,MM4,"49,000.00",433
31MAR2022,VIC,MM5,"41,000.00",350
31MAR2022,VIC,MM6 & 7,,<11
31MAR2022,WA,ALL,"79,000.00",3478
31MAR2022,WA,MM,,<11
31MAR2022,WA,MM1,"85,000.00",1756
31MAR2022,WA,MM2,"58,000.00",152
31MAR2022,WA,MM3,"66,000.00",356
31MAR2022,WA,MM4,"46,000.00",34
31MAR2022,WA,MM5,"46,000.00",153
31MAR2022,WA,MM6 & 7,"82,000.00",1018
31DEC2021,ACT,ALL,"56,000.00",400
31DEC2021,ACT,MM1,"56,000.00",395
31DEC2021,ALL,ALL,"68,000.00",35773
31DEC2021,ALL,MM1,"65,000.00",15709
31DEC2021,ALL,MM2,"81,000.00",5689
31DEC2021,ALL,MM3,"60,000.00",4774
31DEC2021,ALL,MM4,"53,000.00",2673
31DEC2021,ALL,MM5,"47,000.00",3167
31DEC2021,ALL,MM6 & 7,"97,000.00",3748
31DEC2021,MIS,ALL,,<11
31DEC2021,MIS,MM1,,<11
31DEC2021,MIS,MM3,,<11
31DEC2021,MIS,MM6 & 7,,<11
31DEC2021,NSW,ALL,"58,000.00",12116
31DEC2021,NSW,MM1,"61,000.00",5942
31DEC2021,NSW,MM2,"59,000.00",319
31DEC2021,NSW,MM3,"61,000.00",2859
31DEC2021,NSW,MM4,"48,000.00",1383
31DEC2021,NSW,MM5,"44,000.00",1373
31DEC2021,NSW,MM6 & 7,"51,000.00",255
31DEC2021,NT,ALL,"138,000.00",2295
31DEC2021,NT,MM2,"139,000.00",805
31DEC2021,NT,MM5,"41,000.00",13
31DEC2021,NT,MM6 & 7,"139,000.00",1479
31DEC2021,OT,ALL,,<11
31DEC2021,OT,MM5,,<11
31DEC2021,QLD,ALL,"67,000.00",9830
31DEC2021,QLD,MM1,"63,000.00",3871
31DEC2021,QLD,MM2,"79,000.00",3287
31DEC2021,QLD,MM3,"54,000.00",402
31DEC2021,QLD,MM4,"61,000.00",639
31DEC2021,QLD,MM5,"58,000.00",867
31DEC2021,QLD,MM6 & 7,"57,000.00",772
31DEC2021,SA,ALL,"71,000.00",2640
31DEC2021,SA,MM1,"74,000.00",1664
31DEC2021,SA,MM2,"90,000.00",25
31DEC2021,SA,MM3,"59,000.00",248
31DEC2021,SA,MM4,"70,000.00",190
31DEC2021,SA,MM5,"43,000.00",249
31DEC2021,SA,MM6 & 7,"85,000.00",264
31DEC2021,TAS,ALL,"63,000.00",1034
31DEC2021,TAS,MM2,"64,000.00",561
31DEC2021,TAS,MM3,"71,000.00",279
31DEC2021,TAS,MM4,,<11
31DEC2021,TAS,MM5,"48,000.00",167
31DEC2021,TAS,MM6 & 7,"54,000.00",16
31DEC2021,VIC,ALL,"53,000.00",4130
31DEC2021,VIC,MM1,"58,000.00",2145
31DEC2021,VIC,MM2,"44,000.00",537
31DEC2021,VIC,MM3,"53,000.00",673
31DEC2021,VIC,MM4,"51,000.00",417
31DEC2021,VIC,MM5,"40,000.00",351
31DEC2021,VIC,MM6 & 7,,<11
31DEC2021,WA,ALL,"79,000.00",3317
31DEC2021,WA,MM1,"85,000.00",1683
31DEC2021,WA,MM2,"59,000.00",153
31DEC2021,WA,MM3,"67,000.00",329
31DEC2021,WA,MM4,"46,000.00",33
31DEC2021,WA,MM5,"45,000.00",148
31DEC2021,WA,MM6 & 7,"81,000.00",962
30SEP2021,ACT,ALL,"53,000.00",390
30SEP2021,ACT,MM1,"53,000.00",385
30SEP2021,ALL,ALL,"68,000.00",34099
30SEP2021,ALL,MM1,"65,000.00",14984
30SEP2021,ALL,MM2,"82,000.00",5417
30SEP2021,ALL,MM3,"60,000.00",4555
30SEP2021,ALL,MM4,"54,000.00",2558
30SEP2021,ALL,MM5,"47,000.00",3021
30SEP2021,ALL,MM6 & 7,"99,000.00",3550
30SEP2021,MIS,ALL,,<11
30SEP2021,MIS,MM1,,<11
30SEP2021,NSW,ALL,"57,000.00",11701
30SEP2021,NSW,MM1,"61,000.00",5758
30SEP2021,NSW,MM2,"58,000.00",310
30SEP2021,NSW,MM3,"60,000.00",2763
30SEP2021,NSW,MM4,"48,000.00",1334
30SEP2021,NSW,MM5,"45,000.00",1315
30SEP2021,NSW,MM6 & 7,"49,000.00",236
30SEP2021,NT,ALL,"141,000.00",2161
30SEP2021,NT,MM2,"142,000.00",758
30SEP2021,NT,MM5,"40,000.00",12
30SEP2021,NT,MM6 & 7,"142,000.00",1397
30SEP2021,OT,ALL,,<11
30SEP2021,OT,MM5,,<11
30SEP2021,QLD,ALL,"68,000.00",9295
30SEP2021,QLD,MM1,"64,000.00",3623
30SEP2021,QLD,MM2,"80,000.00",3139
30SEP2021,QLD,MM3,"54,000.00",376
30SEP2021,QLD,MM4,"63,000.00",601
30SEP2021,QLD,MM5,"57,000.00",831
30SEP2021,QLD,MM6 & 7,"58,000.00",732
30SEP2021,SA,ALL,"72,000.00",2529
30SEP2021,SA,MM1,"74,000.00",1592
30SEP2021,SA,MM2,"113,000.00",29
30SEP2021,SA,MM3,"62,000.00",224
30SEP2021,SA,MM4,"77,000.00",190
30SEP2021,SA,MM5,"43,000.00",231
30SEP2021,SA,MM6 & 7,"86,000.00",257
30SEP2021,TAS,ALL,"64,000.00",974
30SEP2021,TAS,MM2,"65,000.00",532
30SEP2021,TAS,MM3,"74,000.00",257
30SEP2021,TAS,MM4,,<11
30SEP2021,TAS,MM5,"47,000.00",161
30SEP2021,TAS,MM6 & 7,"42,000.00",14
30SEP2021,VIC,ALL,"53,000.00",3917
30SEP2021,VIC,MM1,"58,000.00",2020
30SEP2021,VIC,MM2,"42,000.00",521
30SEP2021,VIC,MM3,"54,000.00",639
30SEP2021,VIC,MM4,"51,000.00",400
30SEP2021,VIC,MM5,"38,000.00",329
30SEP2021,VIC,MM6 & 7,,<11
30SEP2021,WA,ALL,"79,000.00",3125
30SEP2021,WA,MM1,"85,000.00",1595
30SEP2021,WA,MM2,"54,000.00",149
30SEP2021,WA,MM3,"68,000.00",292
30SEP2021,WA,MM4,"48,000.00",35
30SEP2021,WA,MM5,"43,000.00",141
30SEP2021,WA,MM6 & 7,"83,000.00",914
30JUN2021,ACT,ALL,"54,000.00",376
30JUN2021,ACT,MM1,"54,000.00",371
30JUN2021,ALL,ALL,"69,000.00",32396
30JUN2021,ALL,MM1,"65,000.00",14205
30JUN2021,ALL,MM2,"83,000.00",5168
30JUN2021,ALL,MM3,"60,000.00",4329
30JUN2021,ALL,MM4,"54,000.00",2432
30JUN2021,ALL,MM5,"48,000.00",2865
30JUN2021,ALL,MM6 & 7,"104,000.00",3380
30JUN2021,MIS,ALL,,<11
30JUN2021,MIS,MM1,,<11
30JUN2021,NSW,ALL,"57,000.00",11152
30JUN2021,NSW,MM1,"61,000.00",5500
30JUN2021,NSW,MM2,"56,000.00",290
30JUN2021,NSW,MM3,"60,000.00",2620
30JUN2021,NSW,MM4,"49,000.00",1283
30JUN2021,NSW,MM5,"44,000.00",1244
30JUN2021,NSW,MM6 & 7,"49,000.00",229
30JUN2021,NT,ALL,"150,000.00",2086
30JUN2021,NT,MM2,"150,000.00",727
30JUN2021,NT,MM5,"40,000.00",12
30JUN2021,NT,MM6 & 7,"150,000.00",1353
30JUN2021,OT,ALL,,<11
30JUN2021,OT,MM5,,<11
30JUN2021,QLD,ALL,"68,000.00",8787
30JUN2021,QLD,MM1,"65,000.00",3408
30JUN2021,QLD,MM2,"80,000.00",3007
30JUN2021,QLD,MM3,"57,000.00",361
30JUN2021,QLD,MM4,"62,000.00",562
30JUN2021,QLD,MM5,"57,000.00",783
30JUN2021,QLD,MM6 & 7,"59,000.00",671
30JUN2021,SA,ALL,"74,000.00",2397
30JUN2021,SA,MM1,"75,000.00",1499
30JUN2021,SA,MM2,"133,000.00",29
30JUN2021,SA,MM3,"63,000.00",208
30JUN2021,SA,MM4,"81,000.00",180
30JUN2021,SA,MM5,"43,000.00",221
30JUN2021,SA,MM6 & 7,"88,000.00",254
30JUN2021,TAS,ALL,"65,000.00",923
30JUN2021,TAS,MM2,"66,000.00",497
30JUN2021,TAS,MM3,"74,000.00",246
30JUN2021,TAS,MM4,,<11
30JUN2021,TAS,MM5,"50,000.00",160
30JUN2021,TAS,MM6 & 7,"36,000.00",13
30JUN2021,VIC,ALL,"53,000.00",3715
30JUN2021,VIC,MM1,"58,000.00",1914
30JUN2021,VIC,MM2,"41,000.00",494
30JUN2021,VIC,MM3,"54,000.00",607
30JUN2021,VIC,MM4,"52,000.00",375
30JUN2021,VIC,MM5,"41,000.00",318
30JUN2021,VIC,MM6 & 7,,<11
30JUN2021,WA,ALL,"80,000.00",2954
30JUN2021,WA,MM1,"85,000.00",1502
30JUN2021,WA,MM2,"58,000.00",136
30JUN2021,WA,MM3,"70,000.00",288
30JUN2021,WA,MM4,"46,000.00",30
30JUN2021,WA,MM5,"46,000.00",129
30JUN2021,WA,MM6 & 7,"86,000.00",861
31MAR2021,ACT,ALL,"56,000.00",359
31MAR2021,ACT,MM1,"56,000.00",354
31MAR2021,ALL,ALL,"71,000.00",30763
31MAR2021,ALL,MM,,<11
31MAR2021,ALL,MM1,"67,000.00",13451
31MAR2021,ALL,MM2,"85,000.00",4906
31MAR2021,ALL,MM3,"62,000.00",4104
31MAR2021,ALL,MM4,"55,000.00",2338
31MAR2021,ALL,MM5,"48,000.00",2752
31MAR2021,ALL,MM6 & 7,"109,000.00",3193
31MAR2021,MIS,ALL,,<11
31MAR2021,MIS,MM,,<11
31MAR2021,NSW,ALL,"58,000.00",10657
31MAR2021,NSW,MM1,"62,000.00",5254
31MAR2021,NSW,MM2,"58,000.00",273
31MAR2021,NSW,MM3,"62,000.00",2495
31MAR2021,NSW,MM4,"49,000.00",1237
31MAR2021,NSW,MM5,"46,000.00",1204
31MAR2021,NSW,MM6 & 7,"52,000.00",208
31MAR2021,NT,ALL,"159,000.00",1986
31MAR2021,NT,MM2,"162,000.00",695
31MAR2021,NT,MM5,,<11
31MAR2021,NT,MM6 & 7,"158,000.00",1283
31MAR2021,OT,ALL,,<11
31MAR2021,OT,MM5,,<11
31MAR2021,QLD,ALL,"70,000.00",8283
31MAR2021,QLD,MM1,"67,000.00",3163
31MAR2021,QLD,MM2,"81,000.00",2854
31MAR2021,QLD,MM3,"60,000.00",342
31MAR2021,QLD,MM4,"63,000.00",537
31MAR2021,QLD,MM5,"57,000.00",760
31MAR2021,QLD,MM6 & 7,"65,000.00",631
31MAR2021,SA,ALL,"74,000.00",2277
31MAR2021,SA,MM1,"76,000.00",1427
31MAR2021,SA,MM2,"135,000.00",18
31MAR2021,SA,MM3,"63,000.00",205
31MAR2021,SA,MM4,"83,000.00",163
31MAR2021,SA,MM5,"43,000.00",209
31MAR2021,SA,MM6 & 7,"86,000.00",255
31MAR2021,TAS,ALL,"65,000.00",868
31MAR2021,TAS,MM2,"66,000.00",462
31MAR2021,TAS,MM3,"71,000.00",236
31MAR2021,TAS,MM4,,<11
31MAR2021,TAS,MM5,"52,000.00",148
31MAR2021,TAS,MM6 & 7,"46,000.00",12
31MAR2021,VIC,ALL,"53,000.00",3543
31MAR2021,VIC,MM1,"58,000.00",1826
31MAR2021,VIC,MM2,"40,000.00",474
31MAR2021,VIC,MM3,"55,000.00",576
31MAR2021,VIC,MM4,"53,000.00",356
31MAR2021,VIC,MM5,"39,000.00",300
31MAR2021,VIC,MM6 & 7,,<11
31MAR2021,WA,ALL,"83,000.00",2784
31MAR2021,WA,MM1,"88,000.00",1431
31MAR2021,WA,MM2,"62,000.00",128
31MAR2021,WA,MM3,"72,000.00",258
31MAR2021,WA,MM4,"47,000.00",39
31MAR2021,WA,MM5,"45,000.00",120
31MAR2021,WA,MM6 & 7,"89,000.00",802
31DEC2020,ACT,ALL,"56,000.00",339
31DEC2020,ACT,MM1,"56,000.00",333
31DEC2020,ACT,MM5,,<11
31DEC2020,ALL,ALL,"72,000.00",29085
31DEC2020,ALL,MM1,"68,000.00",12613
31DEC2020,ALL,MM2,"86,000.00",4645
31DEC2020,ALL,MM3,"62,000.00",3917
31DEC2020,ALL,MM4,"55,000.00",2227
31DEC2020,ALL,MM5,"49,000.00",2621
31DEC2020,ALL,MM6 & 7,"113,000.00",3045
31DEC2020,NSW,ALL,"59,000.00",10145
31DEC2020,NSW,MM1,"62,000.00",4976
31DEC2020,NSW,MM2,"55,000.00",252
31DEC2020,NSW,MM3,"62,000.00",2388
31DEC2020,NSW,MM4,"50,000.00",1187
31DEC2020,NSW,MM5,"48,000.00",1158
31DEC2020,NSW,MM6 & 7,"53,000.00",198
31DEC2020,NT,ALL,"163,000.00",1891
31DEC2020,NT,MM2,"170,000.00",655
31DEC2020,NT,MM5,,<11
31DEC2020,NT,MM6 & 7,"161,000.00",1228
31DEC2020,OT,ALL,,<11
31DEC2020,OT,MM5,,<11
31DEC2020,QLD,ALL,"72,000.00",7735
31DEC2020,QLD,MM1,"71,000.00",2862
31DEC2020,QLD,MM2,"80,000.00",2708
31DEC2020,QLD,MM3,"60,000.00",321
31DEC2020,QLD,MM4,"62,000.00",515
31DEC2020,QLD,MM5,"59,000.00",709
31DEC2020,QLD,MM6 & 7,"69,000.00",624
31DEC2020,SA,ALL,"74,000.00",2174
31DEC2020,SA,MM1,"76,000.00",1366
31DEC2020,SA,MM2,"132,000.00",19
31DEC2020,SA,MM3,"69,000.00",194
31DEC2020,SA,MM4,"73,000.00",156
31DEC2020,SA,MM5,"44,000.00",200
31DEC2020,SA,MM6 & 7,"90,000.00",239
31DEC2020,TAS,ALL,"64,000.00",829
31DEC2020,TAS,MM2,"65,000.00",442
31DEC2020,TAS,MM3,"72,000.00",227
31DEC2020,TAS,MM4,,<11
31DEC2020,TAS,MM5,"50,000.00",139
31DEC2020,TAS,MM6 & 7,"46,000.00",13
31DEC2020,VIC,ALL,"53,000.00",3357
31DEC2020,VIC,MM1,"58,000.00",1722
31DEC2020,VIC,MM2,"40,000.00",449
31DEC2020,VIC,MM3,"53,000.00",555
31DEC2020,VIC,MM4,"55,000.00",331
31DEC2020,VIC,MM5,"36,000.00",294
31DEC2020,VIC,MM6 & 7,,<11
31DEC2020,WA,ALL,"87,000.00",2611
31DEC2020,WA,MM1,"91,000.00",1348
31DEC2020,WA,MM2,"64,000.00",118
31DEC2020,WA,MM3,"76,000.00",249
31DEC2020,WA,MM4,"45,000.00",27
31DEC2020,WA,MM5,"47,000.00",113
31DEC2020,WA,MM6 & 7,"96,000.00",748
30SEP2020,ACT,ALL,"52,000.00",330
30SEP2020,ACT,MM1,"52,000.00",321
30SEP2020,ACT,MM2,,<11
30SEP2020,ACT,MM5,,<11
30SEP2020,ALL,ALL,"72,000.00",27112
30SEP2020,ALL,MM1,"67,000.00",11629
30SEP2020,ALL,MM2,"87,000.00",4415
30SEP2020,ALL,MM3,"62,000.00",3619
30SEP2020,ALL,MM4,"55,000.00",2048
30SEP2020,ALL,MM5,"49,000.00",2516
30SEP2020,ALL,MM6 & 7,"117,000.00",2866
30SEP2020,NSW,ALL,"58,000.00",9525
30SEP2020,NSW,MM1,"61,000.00",4637
30SEP2020,NSW,MM2,"59,000.00",268
30SEP2020,NSW,MM3,"61,000.00",2237
30SEP2020,NSW,MM4,"50,000.00",1106
30SEP2020,NSW,MM5,"45,000.00",1107
30SEP2020,NSW,MM6 & 7,"54,000.00",184
30SEP2020,NT,ALL,"172,000.00",1791
30SEP2020,NT,MM2,"179,000.00",608
30SEP2020,NT,MM5,"122,000.00",15
30SEP2020,NT,MM6 & 7,"169,000.00",1169
30SEP2020,OT,ALL,,<11
30SEP2020,OT,MM5,,<11
30SEP2020,QLD,ALL,"72,000.00",7151
30SEP2020,QLD,MM1,"71,000.00",2600
30SEP2020,QLD,MM2,"80,000.00",2559
30SEP2020,QLD,MM3,"63,000.00",299
30SEP2020,QLD,MM4,"63,000.00",440
30SEP2020,QLD,MM5,"62,000.00",668
30SEP2020,QLD,MM6 & 7,"67,000.00",587
30SEP2020,SA,ALL,"74,000.00",2054
30SEP2020,SA,MM1,"76,000.00",1293
30SEP2020,SA,MM2,"94,000.00",22
30SEP2020,SA,MM3,"71,000.00",182
30SEP2020,SA,MM4,"79,000.00",125
30SEP2020,SA,MM5,"40,000.00",202
30SEP2020,SA,MM6 & 7,"93,000.00",230
30SEP2020,TAS,ALL,"63,000.00",769
30SEP2020,TAS,MM2,"68,000.00",404
30SEP2020,TAS,MM3,"65,000.00",214
30SEP2020,TAS,MM4,,<11
30SEP2020,TAS,MM5,"47,000.00",133
30SEP2020,TAS,MM6 & 7,"41,000.00",13
30SEP2020,VIC,ALL,"52,000.00",3117
30SEP2020,VIC,MM1,"58,000.00",1561
30SEP2020,VIC,MM2,"42,000.00",435
30SEP2020,VIC,MM3,"51,000.00",480
30SEP2020,VIC,MM4,"50,000.00",347
30SEP2020,VIC,MM5,"37,000.00",288
30SEP2020,VIC,MM6 & 7,,<11
30SEP2020,WA,ALL,"88,000.00",2372
30SEP2020,WA,MM1,"91,000.00",1211
30SEP2020,WA,MM2,"63,000.00",114
30SEP2020,WA,MM3,"82,000.00",224
30SEP2020,WA,MM4,"49,000.00",22
30SEP2020,WA,MM5,"48,000.00",105
30SEP2020,WA,MM6 & 7,"97,000.00",688
30JUN2020,ACT,ALL,"51,000.00",321
30JUN2020,ACT,MM1,"52,000.00",311
30JUN2020,ACT,MM2,,<11
30JUN2020,ACT,MM5,,<11
30JUN2020,ALL,ALL,"72,000.00",25077
30JUN2020,ALL,MM1,"66,000.00",10731
30JUN2020,ALL,MM2,"87,000.00",4104
30JUN2020,ALL,MM3,"61,000.00",3336
30JUN2020,ALL,MM4,"54,000.00",1895
30JUN2020,ALL,MM5,"48,000.00",2338
30JUN2020,ALL,MM6 & 7,"118,000.00",2652
30JUN2020,MIS,ALL,,<11
30JUN2020,NSW,ALL,"57,000.00",8874
30JUN2020,NSW,MM1,"59,000.00",4340
30JUN2020,NSW,MM2,"60,000.00",245
30JUN2020,NSW,MM3,"61,000.00",2087
30JUN2020,NSW,MM4,"49,000.00",1029
30JUN2020,NSW,MM5,"45,000.00",1019
30JUN2020,NSW,MM6 & 7,"57,000.00",168
30JUN2020,NT,ALL,"170,000.00",1693
30JUN2020,NT,MM2,"176,000.00",571
30JUN2020,NT,MM5,"48,000.00",12
30JUN2020,NT,MM6 & 7,"168,000.00",1112
30JUN2020,OT,ALL,,<11
30JUN2020,OT,MM5,,<11
30JUN2020,QLD,ALL,"73,000.00",6514
30JUN2020,QLD,MM1,"72,000.00",2328
30JUN2020,QLD,MM2,"79,000.00",2378
30JUN2020,QLD,MM3,"62,000.00",256
30JUN2020,QLD,MM4,"64,000.00",394
30JUN2020,QLD,MM5,"62,000.00",624
30JUN2020,QLD,MM6 & 7,"70,000.00",536
30JUN2020,SA,ALL,"72,000.00",1939
30JUN2020,SA,MM1,"73,000.00",1223
30JUN2020,SA,MM2,"66,000.00",21
30JUN2020,SA,MM3,"71,000.00",178
30JUN2020,SA,MM4,"79,000.00",116
30JUN2020,SA,MM5,"37,000.00",187
30JUN2020,SA,MM6 & 7,"94,000.00",214
30JUN2020,TAS,ALL,"65,000.00",718
30JUN2020,TAS,MM2,"72,000.00",374
30JUN2020,TAS,MM3,"61,000.00",199
30JUN2020,TAS,MM4,,<11
30JUN2020,TAS,MM5,"50,000.00",128
30JUN2020,TAS,MM6 & 7,,<11
30JUN2020,VIC,ALL,"50,000.00",2910
30JUN2020,VIC,MM1,"56,000.00",1446
30JUN2020,VIC,MM2,"41,000.00",411
30JUN2020,VIC,MM3,"51,000.00",441
30JUN2020,VIC,MM4,"48,000.00",327
30JUN2020,VIC,MM5,"36,000.00",276
30JUN2020,WA,ALL,"87,000.00",2102
30JUN2020,WA,MM1,"88,000.00",1087
30JUN2020,WA,MM2,"62,000.00",98
30JUN2020,WA,MM3,"83,000.00",183
30JUN2020,WA,MM4,"40,000.00",26
30JUN2020,WA,MM5,"48,000.00",90
30JUN2020,WA,MM6 & 7,"96,000.00",612
31MAR2020,ACT,ALL,"50,000.00",310
31MAR2020,ACT,MM1,"50,000.00",302
31MAR2020,ACT,MM2,,<11
31MAR2020,ACT,MM5,,<11
31MAR2020,ALL,ALL,"68,000.00",22749
31MAR2020,ALL,MM1,"62,000.00",9695
31MAR2020,ALL,MM2,"84,000.00",3724
31MAR2020,ALL,MM3,"59,000.00",3026
31MAR2020,ALL,MM4,"52,000.00",1757
31MAR2020,ALL,MM5,"45,000.00",2133
31MAR2020,ALL,MM6 & 7,"115,000.00",2396
31MAR2020,NSW,ALL,"54,000.00",8285
31MAR2020,NSW,MM1,"55,000.00",4052
31MAR2020,NSW,MM2,"51,000.00",222
31MAR2020,NSW,MM3,"59,000.00",1938
31MAR2020,NSW,MM4,"47,000.00",965
31MAR2020,NSW,MM5,"43,000.00",963
31MAR2020,NSW,MM6 & 7,"57,000.00",159
31MAR2020,NT,ALL,"167,000.00",1556
31MAR2020,NT,MM2,"178,000.00",520
31MAR2020,NT,MM5,"45,000.00",12
31MAR2020,NT,MM6 & 7,"162,000.00",1031
31MAR2020,OT,ALL,,<11
31MAR2020,OT,MM5,,<11
31MAR2020,QLD,ALL,"70,000.00",5889
31MAR2020,QLD,MM1,"71,000.00",2071
31MAR2020,QLD,MM2,"76,000.00",2186
31MAR2020,QLD,MM3,"60,000.00",230
31MAR2020,QLD,MM4,"63,000.00",360
31MAR2020,QLD,MM5,"54,000.00",559
31MAR2020,QLD,MM6 & 7,"68,000.00",485
31MAR2020,SA,ALL,"69,000.00",1770
31MAR2020,SA,MM1,"70,000.00",1117
31MAR2020,SA,MM2,"79,000.00",25
31MAR2020,SA,MM3,"78,000.00",154
31MAR2020,SA,MM4,"66,000.00",112
31MAR2020,SA,MM5,"34,000.00",180
31MAR2020,SA,MM6 & 7,"92,000.00",176
31MAR2020,TAS,ALL,"61,000.00",661
31MAR2020,TAS,MM2,"70,000.00",336
31MAR2020,TAS,MM3,"57,000.00",187
31MAR2020,TAS,MM4,,<11
31MAR2020,TAS,MM5,"48,000.00",125
31MAR2020,TAS,MM6 & 7,,<11
31MAR2020,VIC,ALL,"48,000.00",2591
31MAR2020,VIC,MM1,"54,000.00",1278
31MAR2020,VIC,MM2,"39,000.00",373
31MAR2020,VIC,MM3,"48,000.00",394
31MAR2020,VIC,MM4,"48,000.00",308
31MAR2020,VIC,MM5,"34,000.00",234
31MAR2020,WA,ALL,"80,000.00",1685
31MAR2020,WA,MM1,"78,000.00",865
31MAR2020,WA,MM2,"61,000.00",72
31MAR2020,WA,MM3,"67,000.00",124
31MAR2020,WA,MM4,"44,000.00",13
31MAR2020,WA,MM5,"52,000.00",64
31MAR2020,WA,MM6 & 7,"94,000.00",539
